product_code,product_name,maker_name,package_spec,purchase_price
0383017013639,◆マイクロファインプラス,, 70本 (1本×70),1081
0410980576301,◆投薬瓶小判型２００ＭＬ×１００,, 100個 (1個×100),3556
0420980576201,◆投薬瓶小判型１００ＭＬ×２００,, 200本 (1本×200),4778
0480936783640,◆マービークッキーかぼちゃ,, 5個 (1個×5),9999999999
0480936783657,◆マービークッキーカカオとアーモンド,, 5個 (1個×5),9999999999
0480936783664,◆マービークッキーごまときなこ,, 5個 (1個×5),9999999999
0480951710041,◆ＳＫ点鼻瓶１０ｍＬ×１０　７７４３,, 10個 (1個×10),576
0480951710065,◆ＳＫ点鼻瓶２０ｍＬ×１０　７７４４,, 10個 (1個×10),600
0480959601617,◆分包紙７０Wグラシン無地２００２４２,, 6個 (1個×6),9999999999
0480980578889,◆プラ壺深型５５ｍＬＡー５青５０個,, 50個 (1個×50),9999999999
4523160474970,◆オリゴのおかげダブルサポ－ト　５００Ｇ,, 1本 (1本×1),762
4534551012022,◆マービー液状２０００ｇ,, 1本 (1本×1),9999999999
4534551012091,◆スウィートマービーフルーツミックスキャンディ,, 1個 (1個×1),181
4534551012121,◆スウィートマービー紅茶キャンディ,, 1個 (1個×1),181
4534551012152,◆スウィートマービーコーヒーキャンディ,, 1個 (1個×1),181
4534551012169,◆マービー水ようかん,, 1個 (1個×1),9999999999
4534551012350,◆マービーストロベリージャム瓶詰タイプ,, 1個 (1個×1),419
4534551012367,◆マービーマーマレードジャム瓶詰タイプ,, 1個 (1個×1),419
4534551012374,◆マービーブルーベリージャム瓶詰タイプ,, 1個 (1個×1),488
4534551012381,◆マービーりんごジャム瓶詰タイプ,, 1個 (1個×1),419
4534551012893,◆オリゴワンオリゴ糖シロップ５００ｇ,, 1本 (1本×1),1047
4534551012923,◆マービー液状６２０ｇ,, 1本 (1本×1),663
4534551012930,◆マービー液状２０００ｇ,, 1本 (1本×1),1689
4534551013357,◆マービーピーナッツクリームスティックタイプ,, 1個 (1個×1),9999999999
4534551013449,◆マービーチョコレートスプレッドスティックタイプ,, 1個 (1個×1),9999999999
4535184493622,◆噴霧容器３０　（１５ＣＣ）　３８８２　ニュウハク－アオ　１０コ,, 10個 (1個×10),404
4560239915163,◆おくすりカレンダー４用法７段タイプ１枚ＫＷー２８,, 1枚 (1枚×1),978
4560350670170,◆ＪマスクホワイトMW09002W,, 1個 (1個×1),9999999999
4562216550169,イミダプリル塩酸塩錠５ｍｇ「ＤＳＥＰ」,エッセンシャルファーマ,ＰＴＰ 100錠,1344
4571484310054,◆タカゾノ７０５０８１ＧＰ印字用インクリボンカセット３２ｍｍ,, 10個 (1個×10),33000
4571484313000,◆分包紙７０Wグラシン無地２００２４２,, 6個 (1個×6),30931
4582795820200,エスワンタイホウ配合ＯＤ錠Ｔ２０,岡山大鵬薬品,ＰＴＰ 56錠,9999999999
4901551357093,◆おくすりパクッとねるねる,, 1個 (1個×1),313
4904751110871,◆リキセー　３０００,, 10本 (1本×10),9999999999
4946306111322,◆ＰＡＲＩボアテックスマスク無しM23-002-04,, 1個 (1個×1),1970
4973877000861,◆サヤカくろず飴（栄養機能食品）,, 1個 (1個×1),170
4987006251604,◆デスクワン－Ｄ,, 10本 (1本×10),9999999999
4987020001070,デルモゾールＧクリーム,岩城製薬,包装小 50Ｇ,1430
4987020004620,ラノコナゾールクリーム１％「イワキ」,岩城製薬,包装小 100Ｇ,2561
4987020004668,クリンダマイシンリン酸エステルゲル１％「イワキ」,岩城製薬,包装小 100Ｇ,1266
4987020004828,マキサカルシトール軟膏２５μｇ／ｇ「イワキ」,岩城製薬,包装小 10Ｇ,377
4987020004835,マキサカルシトール軟膏２５μｇ／ｇ「イワキ」,岩城製薬,包装小 100Ｇ,3761
4987020015916,スピラゾンローション０．３％,岩城製薬,包装小 100Ｇ,1589
4987020016326,デルモゾールＤＰローション０．０６４％,岩城製薬,包装小 100ＭＬ,909
4987020017385,ビダラビン軟膏３％「イワキ」,岩城製薬,包装小 25Ｇ,2002
4987020017521,セチルピリジニウム塩化物トローチ２ｍｇ「イワキ」,岩城製薬,ＰＴＰ 1000錠,6593
4987020017569,ゲンタマイシン硫酸塩軟膏０．１％「イワキ」,岩城製薬,包装小 100Ｇ,921
4987020017743,ベンダザック軟膏３％「イワキ」,岩城製薬,包装小 100Ｇ,1820
4987020020118,ピコスルファートナトリウム内用液０．７５％「イワキ」,岩城製薬,包装小 100ＭＬ,9999999999
4987020020187,テルビナフィン塩酸塩外用液１％「イワキ」,岩城製薬,包装小 100Ｇ,1028
4987020020248,ケトコナゾールクリーム２％「イワキ」,岩城製薬,包装小 100Ｇ,1423
4987020020682,クロベタゾン酪酸エステルクリーム０．０５％「イワキ」,岩城製薬,包装小 50Ｇ,873
4987020020729,クロベタゾン酪酸エステルクリーム０．０５％「イワキ」,岩城製薬,調剤用 600Ｇ,10349
4987020020798,クロベタゾールプロピオン酸エステル軟膏０．０５％「イワキ」,岩城製薬,包装小 50Ｇ,620
4987020020996,ジフルプレドナート軟膏０．０５％「イワキ」,岩城製薬,包装小 50Ｇ,702
4987020021016,ジフルプレドナート軟膏０．０５％「イワキ」,岩城製薬,包装小 500Ｇ,7024
4987020021344,アルクロメタゾンプロピオン酸エステル軟膏０．１％「イワキ」,岩城製薬,包装小 50Ｇ,1529
4987020021719,ルリコナゾールクリーム１％「イワキ」,岩城製薬,包装小 100Ｇ,1737
4987020021894,ベタメタゾン酪酸エステルプロピオン酸エステルクリーム０．０５％「ＭＹＫ」,岩城製薬,調剤用 500Ｇ,9999
4987020021924,ベタメタゾン酪酸エステルプロピオン酸エステル軟膏０．０５％「ＭＹＫ」,岩城製薬,包装小 50Ｇ,1000
4987028200079,バファリン配合錠Ａ８１,エーザイ,ＳＰ 100錠,519
4987028201397,ルネスタ錠２ｍｇ,エーザイ,ＰＴＰ 100錠,3960
4987028203063,トラベルミン配合錠,エーザイ,ＰＴＰ 100錠,536
4987028204046,フィコンパ錠４ｍｇ,エーザイ,ＰＴＰ 56錠,15755
4987028205609,デエビゴ錠２．５ｍｇ,エーザイ,ＰＴＰ 100錠,3951
4987028205630,デエビゴ錠５ｍｇ,エーザイ,ＰＴＰ 100錠,6274
4987028208396,ストロカイン錠５ｍｇ,エーザイ,ＰＴＰ 100錠,509
4987028209409,ユベラ錠５０ｍｇ,エーザイ,ＰＴＰ 100錠,495
4987028211020,アリセプトＤ錠３ｍｇ,エーザイ,ＰＴＰ 14錠,624
4987028211051,アリセプトＤ錠５ｍｇ,エーザイ,ＰＴＰ 56錠,3708
4987028213376,タンボコール錠１００ｍｇ,エーザイ,ＰＴＰ 100錠,5890
4987028213420,フェロミア錠５０ｍｇ,エーザイ,ＰＴＰ 100錠,511
4987028225508,ユベラＮカプセル１００ｍｇ,エーザイ,ＰＴＰ 100カプセル,518
4987028225560,ユベラＮソフトカプセル２００ｍｇ,エーザイ,ＰＴＰ 100カプセル,577
4987028233220,ミオナール錠５０ｍｇ,エーザイ,ＰＴＰ 100錠,778
4987028234784,サイレース錠１ｍｇ,エーザイ,ＰＴＰ 100錠,628
4987028236238,テオロング錠１００ｍｇ,エーザイ,ＰＴＰ 100錠,629
4987028240303,ワーファリン錠１ｍｇ,エーザイ,ＰＴＰ 100錠,926
4987028240501,ワーファリン錠０．５ｍｇ,エーザイ,ＰＴＰ 100錠,926
4987028253358,メリスロン錠６ｍｇ,エーザイ,ＰＴＰ 100錠,802
4987028266563,メチコバール錠５００μｇ,エーザイ,ＰＴＰ 210錠,1834
4987028267027,マクサルトＲＰＤ錠１０ｍｇ,エーザイ,包装小 6錠,1827
4987028274476,エラスチーム錠１８００,エーザイ,ＰＴＰ 100錠,799
4987032001181,オースギ葛根湯エキスＧ,大杉製薬,分包 210Ｇ,2207
4987032019186,オースギ小青竜湯エキスＧ,大杉製薬,分包 210Ｇ,1701
4987032062182,オースギ防風通聖散エキスＧ,大杉製薬,分包 252Ｇ,2673
4987035018612,アクアチムローション１％,大塚製薬,包装小 200ＭＬ,3681
4987035030812,エビリファイ錠６ｍｇ,大塚製薬,ＰＴＰ 100錠,5671
4987035031413,エビリファイ散１％,大塚製薬,バラ 100Ｇ,6028
4987035031512,◆エビリファイ散１％,大塚製薬,バラ 100Ｇ (1Ｇ×100),43950
4987035044314,ウレパールクリーム１０％,大塚製薬,包装小 200Ｇ,692
4987035044611,ウレパールローション１０％,大塚製薬,包装小 200Ｇ,692
4987035076711,エビリファイ錠１ｍｇ,大塚製薬,ＰＴＰ 100錠,990
4987035143819,プレタールＯＤ錠１００ｍｇ,大塚製薬,ＰＴＰ 100錠,2633
4987035184614,ムコスタ錠１００ｍｇ,大塚製薬,ＰＴＰ 100錠,870
4987035209614,レバミピド錠１００ｍｇ「オーツカ」,大塚製薬,ＰＴＰ 100錠,911
4987035209713,レバミピド錠１００ｍｇ「オーツカ」,大塚製薬,ＰＴＰ 500錠,4230
4987035378617,サムスカＯＤ錠７．５ｍｇ,大塚製薬,ＰＴＰ 20錠,13559
4987035378815,サムスカＯＤ錠１５ｍｇ,大塚製薬,ＰＴＰ 20錠,20779
4987035510611,メプチンエアー１０μｇ吸入１００回,大塚製薬,包装小 10キット,9450
4987035545620,◆エクエル　パウチ　１２０ツブＸ３,, 3個 (1個×3),9600
4987035576402,◆オーエスワン,, 24本 (1本×24),3467
4987035576419,◆オーエスワン,, 1本 (1本×1),145
4987035622413,トルバプタンＯＤ錠７．５ｍｇ「オーツカ」,大塚製薬,ＰＴＰ 20錠,5043
4987035622611,トルバプタンＯＤ錠１５ｍｇ「オーツカ」,大塚製薬,ＰＴＰ 20錠,8783
4987035637714,モイゼルト軟膏１％,大塚製薬,包装小 100Ｇ,13021
4987035637912,モイゼルト軟膏０．３％,大塚製薬,包装小 100Ｇ,12166
4987035652205,◆オーエスワンアップル風味,, 24本 (1本×24),3467
4987035652212,◆オーエスワンアップル風味,, 1本 (1本×1),145
4987035654100,ラコールＮＦ配合経腸用液,大塚製薬,調剤用 5600ＭＬ,5333
4987035654506,イノラス配合経腸用液,大塚製薬,調剤用 5250ＭＬ,6588
4987035654803,イノラス配合経腸用液,大塚製薬,調剤用 5250ＭＬ,9999999999
4987039424044,オノンカプセル１１２．５ｍｇ,小野薬品工業,ＰＴＰ 140カプセル,2718
4987039424631,オノンドライシロップ１０％,小野薬品工業,バラ 100Ｇ,2992
4987039426253,フオイパン錠１００ｍｇ,小野薬品工業,ＰＴＰ 100錠,881
4987039427571,プロスタンディン軟膏０．００３％,小野薬品工業,包装小 30Ｇ,914
4987039429193,含嗽用ハチアズレ顆粒,小野薬品工業,分包 500Ｇ,2788
4987039437884,グラクティブ錠５０ｍｇ,小野薬品工業,ＰＴＰ 100錠,7583
4987039444820,ステーブラＯＤ錠０．１ｍｇ,小野薬品工業,ＰＴＰ 100錠,4152
4987039446367,リカルボン錠５０ｍｇ,小野薬品工業,ＰＴＰ 1錠,1246
4987039450630,オパルモン錠５μｇ,小野薬品工業,ＰＴＰ 100錠,1683
4987039454621,フォシーガ錠１０ｍｇ,小野薬品工業,ＰＴＰ 100錠,20800
4987039586889,バラマイシン軟膏,小野薬品工業,包装小 100Ｇ,676
4987040110240,アルロイドＧ内用液５％,カイゲンファーマ,調剤用 2000ＭＬ,1891
4987042110774,エブトール２５０ｍｇ錠,科研製薬,ＰＴＰ 100錠,2888
4987042136026,クレナフィン爪外用液１０％,科研製薬,包装小 17.8Ｇ,22152
4987042143116,エクロックゲル５％,科研製薬,包装小 40Ｇ,8594
4987042155034,エブランチルカプセル１５ｍｇ,科研製薬,ＰＴＰ 100カプセル,1418
4987042162209,リピディル錠５３．３ｍｇ,科研製薬,ＰＴＰ 100錠,1344
4987042357315,ロキソプロフェンＮａテープ１００ｍｇ「科研」,科研製薬,包装小 70枚,1079
4987042372059,イトラコナゾール錠５０ｍｇ「科研」,科研製薬,ＰＴＰ 100錠,5434
4987045642074,クラシエ柴苓湯エキス細粒,クラシエ薬品,分包 113.4Ｇ,4824
4987045665011,ウチダの八味丸Ｍ,クラシエ薬品,分包 840丸,794
4987045670596,クラシエ桃核承気湯エキス錠,クラシエ薬品,ＳＰ 252錠,1397
4987047104020,ヘパリン類似物質外用泡状スプレー０．３％「ＰＰ」,サンファーマ,包装小 1000Ｇ,9999999999
4987047105010,ルリコンクリーム１％,サンファーマ,包装小 100Ｇ,2968
4987047107038,タクロリムス軟膏０．１％「ＰＰ」,サンファーマ,包装小 50Ｇ,1813
4987047110885,尿素クリーム２０％「ＳＵＮ」,サンファーマ,包装小 250Ｇ,867
4987047120761,アローゼン顆粒,サンファーマ,分包 350Ｇ,2416
4987047210011,デュアック配合ゲル,サンファーマ,包装小 100Ｇ,10254
4987047211025,ザジテンカプセル１ｍｇ,サンファーマ,ＰＴＰ 500カプセル,4172
4987047211070,ザジテンドライシロップ０．１％,サンファーマ,バラ 100Ｇ,998
4987047211094,ザジテン点鼻液０．０５％,サンファーマ,包装小 10瓶,4161
4987047211209,テグレトール錠２００ｍｇ,サンファーマ,ＰＴＰ 100錠,784
4987047211247,テルネリン錠１ｍｇ,サンファーマ,ＰＴＰ 100錠,824
4987047211308,ニトロダームＴＴＳ２５ｍｇ,サンファーマ,包装小 140枚,6014
4987047211346,プルゼニド錠１２ｍｇ,サンファーマ,ＰＴＰ 100錠,601
4987047211407,ラミシールクリーム１％,サンファーマ,包装小 100Ｇ,1883
4987047211421,ラミシール外用液１％,サンファーマ,包装小 100Ｇ,1883
4987047211568,ルジオミール錠２５ｍｇ,サンファーマ,ＰＴＰ 100錠,1222
4987047310148,ローコール錠２０ｍｇ,サンファーマ,ＰＴＰ 100錠,3573
4987051136123,ガスコン錠４０ｍｇ,キッセイ薬品工業,ＰＴＰ 100錠,534
4987051182120,グルファスト錠５ｍｇ,キッセイ薬品工業,ＰＴＰ 100錠,953
4987051182328,グルファスト錠１０ｍｇ,キッセイ薬品工業,ＰＴＰ 100錠,1740
4987051183127,グルベス配合錠,キッセイ薬品工業,ＰＴＰ 100錠,2280
4987051276331,マリゼブ錠２５ｍｇ,キッセイ薬品工業,ＰＴＰ 20錠,9907
4987051668525,ベザトールＳＲ錠２００ｍｇ,キッセイ薬品工業,ＰＴＰ 100錠,1157
4987051908027,リザベン点眼液０．５％,キッセイ薬品工業,包装小 5瓶,1335
4987057080185,ナウゼリン錠１０,協和キリン,ＰＴＰ 100錠,766
4987057080321,ナウゼリン坐剤１０,協和キリン,包装小 20個,578
4987057080345,ナウゼリン坐剤３０,協和キリン,包装小 20個,915
4987057251097,コニール錠４,協和キリン,ＰＴＰ 100錠,1446
4987057432342,アレロック錠５,協和キリン,ＰＴＰ 100錠,1770
4987057522470,パタノール点眼液０．１％,協和キリン,包装小 50ＭＬ,3712
4987057581798,ナウゼリンＯＤ錠１０,協和キリン,ＰＴＰ 100錠,783
4987057592596,デパケンＲ錠１００ｍｇ,協和キリン,ＰＴＰ 100錠,926
4987057592626,デパケンＲ錠２００ｍｇ,協和キリン,ＰＴＰ 100錠,1006
4987057592770,オングリザ錠５ｍｇ,協和キリン,ＰＴＰ 100錠,5959
4987057602974,ドボベット軟膏,協和キリン,包装小 15Ｇ,2282
4987057649306,ダーブロック錠２ｍｇ,協和キリン,ＰＴＰ 100錠,13823
4987058007020,アレンドロン酸錠３５ｍｇ「アメル」,共和薬品工業,ＰＴＰ 20錠,1948
4987058012284,トラゾドン塩酸塩錠２５ｍｇ「アメル」,共和薬品工業,ＰＴＰ 100錠,549
4987058013281,トラゾドン塩酸塩錠５０ｍｇ「アメル」,共和薬品工業,ＰＴＰ 100錠,648
4987058024539,オランザピン細粒１％「アメル」,共和薬品工業,バラ 100Ｇ,3438
4987058060032,アムロジピン錠２．５ｍｇ「アメル」,共和薬品工業,ＰＴＰ 100錠,915
4987058087039,エスタゾラム錠１ｍｇ「アメル」,共和薬品工業,ＰＴＰ 100錠,549
4987058088036,エスタゾラム錠２ｍｇ「アメル」,共和薬品工業,ＰＴＰ 100錠,594
4987058142035,ベンザリン錠５,共和薬品工業,ＰＴＰ 100錠,794
4987058144237,ベンザリン細粒１％,共和薬品工業,バラ 100Ｇ,1652
4987058146828,ベリチーム配合顆粒,共和薬品工業,ＳＰ 105Ｇ,2804
4987058171387,アルファカルシドール錠０．２５μｇ「アメル」,共和薬品工業,ＰＴＰ 100錠,543
4987058172384,アルファカルシドール錠０．５μｇ「アメル」,共和薬品工業,ＰＴＰ 100錠,543
4987058173381,アルファカルシドール錠１．０μｇ「アメル」,共和薬品工業,ＰＴＰ 100錠,553
4987058181034,ケフレックスカプセル２５０ｍｇ,共和薬品工業,ＰＴＰ 100カプセル,3212
4987058197530,クエチアピン細粒５０％「アメル」,共和薬品工業,バラ 100Ｇ,12018
4987058201039,ノバミン錠５ｍｇ,共和薬品工業,ＰＴＰ 100錠,1029
4987058210284,スルピリド錠５０ｍｇ「アメル」,共和薬品工業,ＰＴＰ 100錠,587
4987058231289,ジアゼパム錠２ｍｇ「アメル」,共和薬品工業,ＰＴＰ 100錠,9999999999
4987058251027,スマトリプタン錠５０ｍｇ「アメル」,共和薬品工業,ＰＴＰ 12錠,1334
4987058296035,エスゾピクロン錠２ｍｇ「アメル」,共和薬品工業,ＰＴＰ 100錠,9999999999
4987058297032,エスゾピクロン錠３ｍｇ「アメル」,共和薬品工業,ＰＴＰ 100錠,9999999999
4987058378038,デュロキセチンカプセル２０ｍｇ「アメル」,共和薬品工業,ＰＴＰ 100カプセル,2287
4987058379035,デュロキセチンカプセル３０ｍｇ「アメル」,共和薬品工業,ＰＴＰ 100カプセル,3079
4987058565032,フルニトラゼパム錠１ｍｇ「アメル」,共和薬品工業,ＰＴＰ 100錠,524
4987058566039,フルニトラゼパム錠２ｍｇ「アメル」,共和薬品工業,ＰＴＰ 100錠,544
4987058585030,フルボキサミンマレイン酸塩錠２５ｍｇ「アメル」,共和薬品工業,ＰＴＰ 100錠,926
4987058690031,リスミー錠１ｍｇ,共和薬品工業,ＰＴＰ 100錠,936
4987058691038,リスミー錠２ｍｇ,共和薬品工業,ＰＴＰ 100錠,1458
4987058805039,レベチラセタム錠５００ｍｇ「アメル」,共和薬品工業,ＰＴＰ 100錠,3661
4987058866962,リスペリドン内用液分包１ｍｇ「アメル」,共和薬品工業,包装小 50包,1323
4987058867969,リスペリドン内用液分包０．５ｍｇ「アメル」,共和薬品工業,包装小 50包,668
4987060003966,ケタスカプセル１０ｍｇ,杏林製薬,ＰＴＰ 100カプセル,1099
4987060004802,ムコダイン錠５００ｍｇ,杏林製薬,ＰＴＰ 100錠,936
4987060005342,ムコダイン錠２５０ｍｇ,杏林製薬,ＰＴＰ 100錠,936
4987060005366,ムコダイン錠２５０ｍｇ,杏林製薬,ＰＴＰ 1000錠,9360
4987060007728,フルティフォーム１２５エアゾール５６吸入用,杏林製薬,包装小 1瓶,1938
4987060007742,フルティフォーム１２５エアゾール１２０吸入用,杏林製薬,包装小 1瓶,3866
4987060007995,ムコダインＤＳ５０％,杏林製薬,バラ 100Ｇ,1327
4987060008411,デザレックス錠５ｍｇ,杏林製薬,ＰＴＰ 100錠,3262
4987060008664,ラスビック錠７５ｍｇ,杏林製薬,ＰＴＰ 50錠,12376
4987060008688,ベオーバ錠５０ｍｇ,杏林製薬,ＰＴＰ 100錠,12733
4987060306531,◆ベンズブロマロン錠５０ｍｇ｢杏林｣,杏林,ＰＴＰ 100錠 (1錠×100),9999999999
4987060307156,モンテルカスト錠１０ｍｇ「ＫＭ」,杏林製薬,ＰＴＰ 28錠,913
4987060307200,モンテルカスト錠５ｍｇ「ＫＭ」,杏林製薬,ＰＴＰ 28錠,732
4987060307354,リボフラビン酪酸エステル錠２０ｍｇ「杏林」,杏林製薬,ＰＴＰ 100錠,516
4987060308023,モメタゾン点鼻液５０μｇ「杏林」５６噴霧用,杏林製薬,包装小 5瓶,1861
4987060310422,エプレレノン錠２５ｍｇ「杏林」,杏林製薬,ＰＴＰ 100錠,984
4987060310439,エプレレノン錠５０ｍｇ「杏林」,杏林製薬,ＰＴＰ 100錠,1915
4987071174013,トラマドール塩酸塩ＯＤ錠２５ｍｇ「ＫＯ」,寿製薬,ＰＴＰ 100錠,837
4987071174020,トラマドール塩酸塩ＯＤ錠２５ｍｇ「ＫＯ」,寿製薬,ＰＴＰ 500錠,4185
4987080001416,テオフィリン徐放錠１００ｍｇ「サワイ」,沢井製薬,ＰＴＰ 100錠,533
4987080001911,ピタバスタチンＣａ錠１ｍｇ「サワイ」,沢井製薬,ＰＴＰ 100錠,925
4987080001928,ピタバスタチンＣａ錠１ｍｇ「サワイ」,沢井製薬,ＰＴＰ 500錠,4627
4987080002017,ピタバスタチンＣａ錠２ｍｇ「サワイ」,沢井製薬,ＰＴＰ 100錠,1321
4987080002215,ピタバスタチンＣａ錠４ｍｇ「サワイ」,沢井製薬,ＰＴＰ 100錠,2169
4987080002918,イトラコナゾールカプセル５０ｍｇ「ＳＷ」,沢井製薬,ＰＴＰ 56カプセル,3042
4987080005414,カンデサルタン錠１２ｍｇ「サワイ」,沢井製薬,ＰＴＰ 100錠,1251
4987080007210,リバーロキサバン錠１５ｍｇ「サワイ」,沢井製薬,ＰＴＰ 100錠,18363
4987080011712,エゼロス配合錠ＬＤ「サワイ」,沢井製薬,ＰＴＰ 100錠,3128
4987080012719,エゼロス配合錠ＨＤ「サワイ」,沢井製薬,ＰＴＰ 100錠,3128
4987080015710,サキサグリプチン錠５ｍｇ「サワイ」,沢井製薬,ＰＴＰ 100錠,3545
4987080023616,ロペラミド塩酸塩カプセル１ｍｇ「サワイ」,沢井製薬,ＰＴＰ 100カプセル,547
4987080030317,クロチアゼパム錠５ｍｇ「サワイ」,沢井製薬,ＰＴＰ 100錠,521
4987080030416,ウルソデオキシコール酸錠１００ｍｇ「サワイ」,沢井製薬,ＰＴＰ 100錠,943
4987080031116,グリクラジド錠２０ｍｇ「サワイ」,沢井製薬,ＰＴＰ 100錠,552
4987080031710,テプレノンカプセル５０ｍｇ「サワイ」,沢井製薬,ＰＴＰ 100カプセル,589
4987080032113,ゾピクロン錠１０ｍｇ「サワイ」,沢井製薬,ＰＴＰ 100錠,677
4987080032212,チアプリド錠２５ｍｇ「サワイ」,沢井製薬,ＰＴＰ 100錠,736
4987080033516,ロフラゼプ酸エチル錠１ｍｇ「サワイ」,沢井製薬,ＰＴＰ 100錠,547
4987080033912,メキシレチン塩酸塩カプセル１００ｍｇ「サワイ」,沢井製薬,ＰＴＰ 100カプセル,962
4987080034414,ミノサイクリン塩酸塩錠５０ｍｇ「サワイ」,沢井製薬,ＰＴＰ 100錠,1298
4987080034711,センノシド錠１２ｍｇ「サワイ」,沢井製薬,ＰＴＰ 100錠,477
4987080035411,エナラプリルマレイン酸塩錠２．５ｍｇ「サワイ」,沢井製薬,ＰＴＰ 100錠,926
4987080035510,エナラプリルマレイン酸塩錠５ｍｇ「サワイ」,沢井製薬,ＰＴＰ 100錠,925
4987080036319,テルビナフィン錠１２５ｍｇ「サワイ」,沢井製薬,ＰＴＰ 100錠,2862
4987080037514,ロラゼパム錠１ｍｇ「サワイ」,沢井製薬,ＰＴＰ 100錠,527
4987080037644,ケトチフェンＤＳ小児用０．１％「サワイ」,沢井製薬,バラ 100Ｇ,607
4987080037712,ケトチフェンカプセル１ｍｇ「サワイ」,沢井製薬,ＰＴＰ 100カプセル,547
4987080038016,ケトチフェン点鼻液０．０５％「サワイ」,沢井製薬,包装小 10瓶,2098
4987080038313,ニルバジピン錠４ｍｇ「サワイ」,沢井製薬,ＰＴＰ 100錠,9999999999
4987080039112,アロチノロール塩酸塩錠１０ｍｇ「サワイ」,沢井製薬,ＰＴＰ 100錠,689
4987080039419,ジソピラミド徐放錠１５０ｍｇ「ＳＷ」,沢井製薬,ＰＴＰ 100錠,1071
4987080100119,クエン酸第一鉄Ｎａ錠５０ｍｇ「サワイ」,沢井製薬,ＰＴＰ 100錠,562
4987080100218,アルプラゾラム錠０．４ｍｇ「サワイ」,沢井製薬,ＰＴＰ 100錠,527
4987080103110,シルニジピン錠５ｍｇ「サワイ」,沢井製薬,ＰＴＰ 100錠,926
4987080103417,ドンペリドン錠５ｍｇ「サワイ」,沢井製薬,ＰＴＰ 100錠,547
4987080103516,ドンペリドン錠１０ｍｇ「サワイ」,沢井製薬,ＰＴＰ 100錠,547
4987080103813,イフェンプロジル酒石酸塩錠２０ｍｇ「サワイ」,沢井製薬,ＰＴＰ 100錠,547
4987080103912,チザニジン錠１ｍｇ「サワイ」,沢井製薬,ＰＴＰ 100錠,547
4987080106012,シルニジピン錠１０ｍｇ「サワイ」,沢井製薬,ＰＴＰ 100錠,1229
4987080119814,ピコスルファートＮａ錠２．５ｍｇ「サワイ」,沢井製薬,ＰＴＰ 100錠,9999999999
4987080119913,ジクロフェナクＮａ錠２５ｍｇ「サワイ」,沢井製薬,ＰＴＰ 100錠,527
4987080120018,エバスチンＯＤ錠１０ｍｇ「サワイ」,沢井製薬,ＰＴＰ 100錠,1989
4987080123170,メマンチン塩酸塩ＯＤ錠２０ｍｇ「サワイ」,沢井製薬,ＰＴＰ 56錠,2177
4987080128014,イトプリド塩酸塩錠５０ｍｇ「サワイ」,沢井製薬,ＰＴＰ 100錠,553
4987080129011,セフジニル錠１００ｍｇ「サワイ」,沢井製薬,ＰＴＰ 100錠,4079
4987080132714,テラムロ配合錠ＡＰ「サワイ」,沢井製薬,ＰＴＰ 100錠,9999999999
4987080147114,タダラフィル錠５ｍｇＺＡ「サワイ」,沢井製薬,ＰＴＰ 100錠,3019
4987080152118,レパグリニド錠０．２５ｍｇ「サワイ」,沢井製薬,ＰＴＰ 100錠,670
4987080154112,レパグリニド錠０．５ｍｇ「サワイ」,沢井製薬,ＰＴＰ 100錠,1083
4987080158110,プソフェキ配合錠「サワイ」,沢井製薬,ＰＴＰ 100錠,1889
4987080190011,エチゾラム錠０．５ｍｇ「ＳＷ」,沢井製薬,ＰＴＰ 100錠,597
4987080192015,エチゾラム錠１ｍｇ「ＳＷ」,沢井製薬,ＰＴＰ 100錠,916
4987080197010,カモスタットメシル酸塩錠１００ｍｇ「サワイ」,沢井製薬,ＰＴＰ 100錠,908
4987080198116,エルデカルシトールカプセル０．７５μｇ「サワイ」,沢井製薬,ＰＴＰ 100カプセル,1502
4987080199113,バゼドキシフェン錠２０ｍｇ「サワイ」,沢井製薬,ＰＴＰ 100錠,2480
4987080221012,ニフェジピンＬ錠２０ｍｇ「サワイ」,沢井製薬,ＰＴＰ 100錠,547
4987080266365,ナルフラフィン塩酸塩ＯＤ錠２．５μｇ「サワイ」,沢井製薬,ＰＴＰ 14錠,9999999999
4987080267461,オセルタミビルカプセル７５ｍｇ「サワイ」,沢井製薬,ＰＴＰ 10カプセル,1013
4987080268444,オセルタミビルＤＳ３％「サワイ」,沢井製薬,バラ 30Ｇ,2142
4987080271116,アリピプラゾール錠１ｍｇ「サワイ」,沢井製薬,ＰＴＰ 100錠,547
4987080292012,ゾルピデム酒石酸塩ＯＤ錠１０ｍｇ「サワイ」,沢井製薬,ＰＴＰ 100錠,9999999999
4987080302612,イルソグラジンマレイン酸塩錠２ｍｇ「サワイ」,沢井製薬,ＰＴＰ 100錠,916
4987080303114,アミトリプチリン塩酸塩錠１０ｍｇ「サワイ」,沢井製薬,ＰＴＰ 100錠,916
4987080303510,メキタジン錠３ｍｇ「サワイ」,沢井製薬,ＰＴＰ 100錠,527
4987080303718,ジラゼプ塩酸塩錠５０ｍｇ「サワイ」,沢井製薬,ＰＴＰ 100錠,527
4987080303817,ジラゼプ塩酸塩錠１００ｍｇ「サワイ」,沢井製薬,ＰＴＰ 100錠,553
4987080303916,リマプロストアルファデクス錠５μｇ「サワイ」,沢井製薬,ＰＴＰ 100錠,882
4987080320111,エスゾピクロン錠２ｍｇ「サワイ」,沢井製薬,ＰＴＰ 100錠,1065
4987080322115,エスゾピクロン錠３ｍｇ「サワイ」,沢井製薬,ＰＴＰ 100錠,1244
4987080323013,カルボシステイン錠２５０ｍｇ「サワイ」,沢井製薬,ＰＴＰ 100錠,945
4987080323037,カルボシステイン錠２５０ｍｇ「サワイ」,沢井製薬,ＰＴＰ 1000錠,9453
4987080324010,カルボシステイン錠５００ｍｇ「サワイ」,沢井製薬,ＰＴＰ 100錠,945
4987080325017,ニセルゴリン錠５ｍｇ「サワイ」,沢井製薬,ＰＴＰ 100錠,916
4987080327028,硝酸イソソルビドテープ４０ｍｇ「サワイ」,沢井製薬,包装小 100枚,2925
4987080344117,バルヒディオ配合錠ＥＸ「サワイ」,沢井製薬,ＰＴＰ 100錠,1851
4987080362012,トアラセット配合錠「サワイ」,沢井製薬,ＰＴＰ 100錠,1298
4987080364115,ビカルタミドＯＤ錠８０ｍｇ「サワイ」,沢井製薬,ＰＴＰ 30錠,2850
4987080379119,プロピベリン塩酸塩錠１０ｍｇ「サワイ」,沢井製薬,ＰＴＰ 100錠,1089
4987080379218,プロピベリン塩酸塩錠２０ｍｇ「サワイ」,沢井製薬,ＰＴＰ 100錠,2316
4987080394013,ベザフィブラートＳＲ錠２００ｍｇ「サワイ」,沢井製薬,ＰＴＰ 100錠,925
4987080396017,アロプリノール錠１００ｍｇ「サワイ」,沢井製薬,ＰＴＰ 100錠,717
4987080398011,エピナスチン塩酸塩錠２０ｍｇ「サワイ」,沢井製薬,ＰＴＰ 100錠,1653
4987080405115,クロピドグレル錠７５ｍｇ「サワイ」,沢井製薬,ＰＴＰ 100錠,2699
4987080406112,ラロキシフェン塩酸塩錠６０ｍｇ「サワイ」,沢井製薬,ＰＴＰ 100錠,1924
4987080506010,エンペラシン配合錠,沢井製薬,ＰＴＰ 100錠,545
4987080509011,ビタダン配合錠,沢井製薬,ＰＴＰ 100錠,917
4987080515074,プランルカストカプセル１１２．５ｍｇ「サワイ」,沢井製薬,ＰＴＰ 140カプセル,2976
4987080515081,プランルカストカプセル１１２．５ｍｇ「サワイ」,沢井製薬,ＰＴＰ 700カプセル,14888
4987080536628,ツロブテロールテープ２ｍｇ「サワイ」,沢井製薬,包装小 70枚,2028
4987080537113,ファモチジンＤ錠１０ｍｇ「サワイ」,沢井製薬,ＰＴＰ 100錠,925
4987080537311,セフポドキシムプロキセチル錠１００ｍｇ「ＳＷ」,沢井製薬,ＰＴＰ 100錠,3207
4987080541318,セフカペンピボキシル塩酸塩錠１００ｍｇ「ＳＷ」,沢井製薬,ＰＴＰ 100錠,3734
4987080546313,◆セフジトレンピボキシル錠１００ｍｇ｢ＳＷ｣,沢井製薬,ＰＴＰ 100錠 (1錠×100),5144
4987080549314,クラリスロマイシン錠２００ｍｇ「サワイ」,沢井製薬,ＰＴＰ 100錠,2071
4987080553113,ニフェジピンＣＲ錠２０ｍｇ「サワイ」,沢井製薬,ＰＴＰ 100錠,826
4987080556114,ニフェジピンＣＲ錠４０ｍｇ「サワイ」,沢井製薬,ＰＴＰ 100錠,1544
4987080557012,フルバスタチン錠１０ｍｇ「サワイ」,沢井製薬,ＰＴＰ 100錠,935
4987080557418,アンブロキソール塩酸塩Ｌカプセル４５ｍｇ「サワイ」,沢井製薬,ＰＴＰ 100カプセル,1462
4987080558019,フルバスタチン錠２０ｍｇ「サワイ」,沢井製薬,ＰＴＰ 100錠,1807
4987080558316,◆塩酸プロピベリン錠１０ｍｇ｢ＳＷ｣,沢井製薬,ＰＴＰ 100錠 (1錠×100),9999999999
4987080559016,フルバスタチン錠３０ｍｇ「サワイ」,沢井製薬,ＰＴＰ 100錠,2326
4987080559313,◆塩酸プロピベリン錠２０ｍｇ｢ＳＷ｣,沢井製薬,ＰＴＰ 100錠 (1錠×100),9999999999
4987080573630,フルチカゾン点鼻液５０μｇ「サワイ」２８噴霧用,沢井製薬,包装小 10瓶,3777
4987080595311,エリスロマイシン錠２００ｍｇ「サワイ」,沢井製薬,ＰＴＰ 100錠,1753
4987080598015,ピオグリタゾン錠１５ｍｇ「サワイ」,沢井製薬,ＰＴＰ 100錠,1022
4987080612810,アスピリン腸溶錠１００ｍｇ「ＺＥ」,沢井製薬,ＰＴＰ 100錠,527
4987080627111,ベタメタゾン錠０．５ｍｇ「サワイ」,沢井製薬,ＰＴＰ 100錠,944
4987080633112,ニコランジル錠５ｍｇ「サワイ」,沢井製薬,ＰＴＰ 100錠,547
4987080636113,ベラプロストＮａ錠２０μｇ「サワイ」,沢井製薬,ＰＴＰ 100錠,1926
4987080670018,ラベプラゾールＮａ錠１０ｍｇ「サワイ」,沢井製薬,ＰＴＰ 100錠,2019
4987080674016,フルボキサミンマレイン酸塩錠２５ｍｇ「サワイ」,沢井製薬,ＰＴＰ 100錠,9999999999
4987080680017,カルベジロール錠２．５ｍｇ「サワイ」,沢井製薬,ＰＴＰ 100錠,935
4987080681014,ポラプレジンクＯＤ錠７５ｍｇ「サワイ」,沢井製薬,ＰＴＰ 100錠,1298
4987080718017,ピオグリタゾン錠３０ｍｇ「サワイ」,沢井製薬,ＰＴＰ 100錠,1835
4987080737414,イコサペント酸エチル粒状カプセル９００ｍｇ「サワイ」,沢井製薬,分包 84包,3144
4987080773016,プラバスタチンＮａ錠５ｍｇ「サワイ」,沢井製薬,ＰＴＰ 100錠,9999999999
4987080774013,プラバスタチンＮａ錠１０ｍｇ「サワイ」,沢井製薬,ＰＴＰ 100錠,1213
4987080781011,カルベジロール錠１０ｍｇ「サワイ」,沢井製薬,ＰＴＰ 100錠,936
4987080783015,シンバスタチン錠５ｍｇ「ＳＷ」,沢井製薬,ＰＴＰ 100錠,1540
4987080817314,エチゾラム錠０．２５ｍｇ「ＳＷ」,沢井製薬,ＰＴＰ 100錠,547
4987081100293,ロキソニンテープ５０ｍｇ,第一三共,包装小 70枚,763
4987081100316,ロキソニンテープ１００ｍｇ,第一三共,包装小 70枚,1059
4987081100422,フロジン外用液５％,第一三共,包装小 300ＭＬ,4702
4987081100651,ユリーフ錠４ｍｇ,第一三共,ＰＴＰ 100錠,2510
4987081100811,フェノバール錠３０ｍｇ,第一三共,ＰＴＰ 100錠,933
4987081101092,ロキソニンテープ１００ｍｇ,第一三共,包装小 350枚,5297
4987081102303,レザルタス配合錠ＬＤ,第一三共,ＰＴＰ 100錠,2188
4987081102402,レザルタス配合錠ＨＤ,第一三共,ＰＴＰ 100錠,4070
4987081102709,リクシアナ錠１５ｍｇ,第一三共,ＰＴＰ 100錠,19661
4987081102815,リクシアナ錠６０ｍｇ,第一三共,ＰＴＰ 100錠,36470
4987081103003,イナビル吸入粉末剤２０ｍｇ,第一三共,包装小 2キット,3693
4987081103119,オルメテックＯＤ錠１０ｍｇ,第一三共,ＰＴＰ 100錠,1514
4987081103157,オルメテックＯＤ錠２０ｍｇ,第一三共,ＰＴＰ 100錠,2759
4987081103324,エフィエント錠３．７５ｍｇ,第一三共,ＰＴＰ 100錠,21770
4987081103560,デノタスチュアブル配合錠,第一三共,ＳＰ 60錠,605
4987081103928,ユリーフＯＤ錠４ｍｇ,第一三共,ＰＴＰ 100錠,2510
4987081105403,ロキソニン錠６０ｍｇ,第一三共,ＰＴＰ 100錠,864
4987081105519,ロキソニンゲル１％,第一三共,包装小 250Ｇ,576
4987081106004,オラセフ錠２５０ｍｇ,第一三共,ＰＴＰ 100錠,5580
4987081106998,リクシアナＯＤ錠１５ｍｇ,第一三共,ＰＴＰ 100錠,19661
4987081107032,リクシアナＯＤ錠３０ｍｇ,第一三共,ＰＴＰ 100錠,35989
4987081107070,リクシアナＯＤ錠６０ｍｇ,第一三共,ＰＴＰ 100錠,36470
4987081107803,ビムパットドライシロップ１０％,第一三共,バラ 100Ｇ,34213
4987081108688,レイボー錠１００ｍｇ,第一三共,ＰＴＰ 30錠,15243
4987081108701,タリージェ錠２．５ｍｇ,第一三共,ＰＴＰ 100錠,5914
4987081108756,タリージェ錠５ｍｇ,第一三共,ＰＴＰ 100錠,8140
4987081109654,ミネブロＯＤ錠１．２５ｍｇ,第一三共,ＰＴＰ 100錠,4193
4987081120000,カルブロック錠８ｍｇ,第一三共,ＰＴＰ 100錠,1125
4987081120048,カルブロック錠１６ｍｇ,第一三共,ＰＴＰ 100錠,2288
4987081120260,タリージェＯＤ錠５ｍｇ,第一三共,ＰＴＰ 100錠,8140
4987081127603,クラビット錠２５０ｍｇ,第一三共,ＰＴＰ 100錠,5590
4987081153657,トランサミン錠２５０ｍｇ,第一三共,ＰＴＰ 100錠,926
4987081160273,アーチスト錠２．５ｍｇ,第一三共,ＰＴＰ 100錠,959
4987081181490,ピオグリタゾン錠３０ｍｇ「ＤＳＥＰ」,第一三共,ＰＴＰ 100錠,1869
4987081182312,アトルバスタチン錠５ｍｇ「ＤＳＥＰ」,第一三共,ＰＴＰ 100錠,935
4987081182664,ロサルタンＫ錠２５ｍｇ「ＤＳＥＰ」,第一三共,ＰＴＰ 100錠,925
4987081183289,バルサルタン錠４０ｍｇ「ＤＳＥＰ」,第一三共,ＰＴＰ 140錠,1302
4987081183326,バルサルタン錠８０ｍｇ「ＤＳＥＰ」,第一三共,ＰＴＰ 140錠,1645
4987081183579,レボフロキサシン錠５００ｍｇ「ＤＳＥＰ」,第一三共,ＰＴＰ 50錠,2809
4987081184132,ナフトピジルＯＤ錠２５ｍｇ「ＤＳＥＰ」,第一三共,ＰＴＰ 100錠,925
4987081184309,メトホルミン塩酸塩錠５００ｍｇＭＴ「ＤＳＥＰ」,第一三共,ＰＴＰ 100錠,9999999999
4987081184477,アマルエット配合錠３番「ＤＳＥＰ」,第一三共,ＰＴＰ 100錠,1317
4987081185337,アゾセミド錠６０ｍｇ「ＤＳＥＰ」,第一三共,ＰＴＰ 100錠,1005
4987081185412,カルベジロール錠１．２５ｍｇ「ＤＳＥＰ」,第一三共,ＰＴＰ 100錠,935
4987081185481,カルベジロール錠１０ｍｇ「ＤＳＥＰ」,第一三共,ＰＴＰ 100錠,914
4987081185597,カルベジロール錠２０ｍｇ「ＤＳＥＰ」,第一三共,ＰＴＰ 100錠,935
4987081185719,フェブキソスタット錠１０ｍｇ「ＤＳＥＰ」,第一三共,ＰＴＰ 100錠,542
4987081185740,フェブキソスタット錠２０ｍｇ「ＤＳＥＰ」,第一三共,ＰＴＰ 100錠,924
4987081185795,フェブキソスタット錠４０ｍｇ「ＤＳＥＰ」,第一三共,ＰＴＰ 100錠,1537
4987081186211,◆モンテルカストチュアブル錠５ｍｇ「ＤＳＥＰ」,第一三共,ＰＴＰ 100錠 (1錠×100),542
4987081186464,テルミサルタン錠２０ｍｇ「ＤＳＥＰ」,第一三共,ＰＴＰ 140錠,1296
4987081186518,テルミサルタン錠４０ｍｇ「ＤＳＥＰ」,第一三共,ＰＴＰ 140錠,2156
4987081186556,テルミサルタン錠８０ｍｇ「ＤＳＥＰ」,第一三共,ＰＴＰ 100錠,2288
4987081186655,テルチア配合錠ＡＰ「ＤＳＥＰ」,第一三共,ＰＴＰ 100錠,1944
4987081186709,テルチア配合錠ＢＰ「ＤＳＥＰ」,第一三共,ＰＴＰ 100錠,2768
4987081186754,テラムロ配合錠ＡＰ「ＤＳＥＰ」,第一三共,ＰＴＰ 100錠,1924
4987081186853,テラムロ配合錠ＢＰ「ＤＳＥＰ」,第一三共,ＰＴＰ 100錠,2814
4987081186907,ロスバスタチン錠２．５ｍｇ「ＤＳＥＰ」,第一三共,ＰＴＰ 100錠,925
4987081187003,ロスバスタチン錠５ｍｇ「ＤＳＥＰ」,第一三共,ＰＴＰ 100錠,1638
4987081187102,オルメサルタンＯＤ錠１０ｍｇ「ＤＳＥＰ」,第一三共,ＰＴＰ 100錠,899
4987081187171,オルメサルタンＯＤ錠２０ｍｇ「ＤＳＥＰ」,第一三共,ＰＴＰ 100錠,1556
4987081187249,オルメサルタンＯＤ錠４０ｍｇ「ＤＳＥＰ」,第一三共,ＰＴＰ 100錠,2188
4987081187331,リバーロキサバン錠１５ｍｇ「バイエル」,第一三共,ＰＴＰ 100錠,18815
4987081187836,シロドシンＯＤ錠４ｍｇ「ＤＳＥＰ」,第一三共,ＰＴＰ 100錠,1175
4987081188666,ビカルタミド錠８０ｍｇ「ＤＳＥＰ」,第一三共,ＰＴＰ 30錠,2987
4987081188703,ビカルタミドＯＤ錠８０ｍｇ「ＤＳＥＰ」,第一三共,ＰＴＰ 30錠,2963
4987081189304,メマンチン塩酸塩ＯＤ錠５ｍｇ「ＤＳＥＰ」,第一三共,ＰＴＰ 14錠,267
4987081189458,エゼチミブ錠１０ｍｇ「ＤＳＥＰ」,第一三共,ＰＴＰ 100錠,2732
4987081189656,ガランタミンＯＤ錠４ｍｇ「ＤＳＥＰ」,第一三共,ＰＴＰ 56錠,906
4987081189700,ガランタミンＯＤ錠８ｍｇ「ＤＳＥＰ」,第一三共,ＰＴＰ 56錠,1187
4987081189939,ロキソプロフェンＮａテープ５０ｍｇ「ＤＳＥＰ」,第一三共,包装小 70枚,763
4987081189960,ロキソプロフェンＮａテープ１００ｍｇ「ＤＳＥＰ」,第一三共,包装小 70枚,1057
4987081202775,アーチスト錠１０ｍｇ,第一三共,ＰＴＰ 100錠,1461
4987081333509,フェノバール散１０％,第一三共,バラ 100Ｇ,691
4987081364329,ベプリコール錠５０ｍｇ,第一三共,ＰＴＰ 100錠,3017
4987081415328,メバロチン錠５,第一三共,ＰＴＰ 100錠,1050
4987081415908,メバロチン錠１０,第一三共,ＰＴＰ 100錠,1555
4987081419203,ジルテック錠１０,第一三共,ＰＴＰ 100錠,1788
4987081474004,ロキソニンパップ１００ｍｇ,第一三共,包装小 70枚,1059
4987084114419,クラビット点眼液０．５％,参天製薬,包装小 25ＭＬ,1334
4987084114525,クラビット点眼液１．５％,参天製薬,包装小 50ＭＬ,2370
4987084120366,サンコバ点眼液０．０２％,参天製薬,包装小 10瓶,815
4987084130211,タリビッド点眼液０．３％,参天製薬,包装小 50ＭＬ,4781
4987084152558,ヒアレイン点眼液０．１％,参天製薬,包装小 10瓶,1936
4987084154248,フルメトロン点眼液０．１％,参天製薬,包装小 50ＭＬ,1249
4987084170101,ジクアス点眼液３％,参天製薬,包装小 10瓶,3060
4987084232427,チモプトールＸＥ点眼液０．２５％,参天製薬,包装小 25ＭＬ,5719
4987084282224,リボスチン点眼液０．０２５％,参天製薬,包装小 50ＭＬ,3219
4987084309044,アレジオンＬＸ点眼液０．１％,参天製薬,包装小 50ＭＬ,21939
4987084313997,ピレノキシン懸濁性点眼液０．００５％「参天」,参天製薬,包装小 10瓶,588
4987084316318,エピナスチン塩酸塩ＬＸ点眼液０．１％「ＳＥＣ」,参天製薬,包装小 50ＭＬ,10862
4987084316912,ジクアスＬＸ点眼液３％,参天製薬,包装小 10瓶,6849
4987084318404,レバミピド懸濁性点眼液２％「参天」,参天製薬,包装小 10瓶,3799
4987084319548,アレジオン眼瞼クリーム０．５％,参天製薬,包装小 20Ｇ,30023
4987086151238,カルナクリン錠５０,三和化学研究所,ＰＴＰ 100錠,1148
4987086170741,グリメピリド錠０．５ｍｇ「三和」,三和化学研究所,ＰＴＰ 100錠,899
4987086170802,グリメピリド錠１ｍｇ「三和」,三和化学研究所,ＰＴＰ 100錠,926
4987086220569,ラグノスＮＦ経口ゼリー分包１２ｇ,三和化学研究所,包装小 84包,3755
4987086230902,ダイアート錠６０ｍｇ,三和化学研究所,ＰＴＰ 100錠,1380
4987086231046,ダイアモックス錠２５０ｍｇ,三和化学研究所,ＰＴＰ 100錠,1602
4987086260237,テルミサルタン錠２０ｍｇ「三和」,三和化学研究所,ＰＴＰ 100錠,935
4987086362252,フルチカゾン点鼻液５０μｇ「三和」２８噴霧用,三和化学研究所,包装小 10瓶,2539
4987086390644,ポリスチレンスルホン酸Ｃａ経口ゼリー２０％分包２５ｇ「三和」,三和化学研究所,包装小 60個,4155
4987086390651,ポリスチレンスルホン酸Ｃａ経口ゼリー２０％分包２５ｇ「三和」,三和化学研究所,包装小 105個,7271
4987086410670,メトアナ配合錠ＨＤ,三和化学研究所,ＰＴＰ 100錠,3702
4987086420907,モンテルカストチュアブル錠５ｍｇ「三和」,三和化学研究所,ＰＴＰ 28錠,451
4987086471282,ロキソプロフェンＮａ錠６０ｍｇ「三和」,三和化学研究所,ＰＴＰ 100錠,889
4987086510882,ＭＳ冷シップ「タカミツ」,三和化学研究所,包装小 1000Ｇ,801
4987086512251,ＭＳ温シップ「タカミツ」,三和化学研究所,包装小 1000Ｇ,801
4987086533485,ケトプロフェンテープ２０ｍｇ「三和」,三和化学研究所,包装小 70枚,800
4987086533546,ケトプロフェンテープ４０ｍｇ「三和」,三和化学研究所,包装小 70枚,1109
4987086542050,サルポグレラート塩酸塩錠１００ｍｇ「三和」,三和化学研究所,ＰＴＰ 100錠,2545
4987086621212,フルバスタチン錠２０ｍｇ「三和」,三和化学研究所,ＰＴＰ 100錠,1762
4987086621250,フルバスタチン錠３０ｍｇ「三和」,三和化学研究所,ＰＴＰ 100錠,2484
4987086651509,ミチグリニドＣａ・ＯＤ錠５ｍｇ「三和」,三和化学研究所,ＰＴＰ 100錠,548
4987086651578,ミチグリニドＣａ・ＯＤ錠１０ｍｇ「三和」,三和化学研究所,ＰＴＰ 100錠,739
4987087003604,リンデロン－Ｖ軟膏０．１２％,塩野義製薬,包装小 50Ｇ,752
4987087003703,リンデロン－Ｖクリーム０．１２％,塩野義製薬,包装小 50Ｇ,737
4987087003826,リンデロン－ＶＧ軟膏０．１２％,塩野義製薬,包装小 50Ｇ,1223
4987087003871,リンデロン－ＶＧクリーム０．１２％,塩野義製薬,包装小 50Ｇ,1223
4987087006643,眼・耳科用リンデロンＡ軟膏,塩野義製薬,包装小 50Ｇ,2984
4987087010541,リンデロン－ＶＧクリーム０．１２％,塩野義製薬,包装小 150Ｇ,3672
4987087016246,アルメタ軟膏,塩野義製薬,包装小 50Ｇ,926
4987087022858,フルメタ軟膏,塩野義製薬,包装小 50Ｇ,797
4987087025552,メジコン錠１５ｍｇ,塩野義製薬,ＰＴＰ 100錠,773
4987087025934,プレドニン眼軟膏,塩野義製薬,包装小 50Ｇ,3736
4987087026412,フロモックス錠１００ｍｇ,塩野義製薬,ＰＴＰ 100錠,3699
4987087028997,リンデロン－Ｖローション,塩野義製薬,包装小 100ＭＬ,1473
4987087029000,リンデロン－ＶＧローション,塩野義製薬,包装小 100ＭＬ,2465
4987087030976,クラリチンレディタブ錠１０ｍｇ,塩野義製薬,包装小 50錠,1298
4987087032178,メジコン散１０％,塩野義製薬,バラ 100Ｇ,1852
4987087032369,リンデロン錠０．５ｍｇ,塩野義製薬,ＰＴＰ 100錠,925
4987087033359,イルベタン錠１００ｍｇ,塩野義製薬,ＰＴＰ 100錠,3309
4987087033526,リンデロン点眼・点耳・点鼻液０．１％,塩野義製薬,包装小 50ＭＬ,2185
4987087034615,フルイトラン錠１ｍｇ,塩野義製薬,ＰＴＰ 100錠,899
4987087034868,ＳＧ配合顆粒,塩野義製薬,ＳＰ 105Ｇ,701
4987087034936,シナール配合錠,塩野義製薬,ＰＴＰ 100錠,568
4987087034967,シナール配合顆粒,塩野義製薬,ＳＰ 105Ｇ,599
4987087035032,ＰＬ配合顆粒,塩野義製薬,ＳＰ 100Ｇ,596
4987087035049,ＰＬ配合顆粒,塩野義製薬,ＳＰ 1000Ｇ,5960
4987087035179,メジコン配合シロップ,塩野義製薬,調剤用 500ＭＬ,711
4987087042009,イソジンシュガーパスタ軟膏,塩野義製薬,調剤用 100Ｇ,667
4987087042054,イソジンガーグル液７％,塩野義製薬,包装小 1500ＭＬ,4139
4987087042726,ゾフルーザ錠２０ｍｇ,塩野義製薬,ＰＴＰ 10錠,21727
4987087042894,バクタミニ配合錠,塩野義製薬,バラ 800錠,24017
4987087043099,ゾコーバ錠１２５ｍｇ,塩野義製薬,ＰＴＰ 7錠,44215
4987087043167,クービビック錠５０ｍｇ,塩野義製薬,ＰＴＰ 100錠,9999999999
4987103010982,新レシカルボン坐剤,ゼリア新薬工業,包装小 12個,804
4987103011637,プロマックＤ錠７５,ゼリア新薬工業,ＰＴＰ 100錠,1418
4987103012900,アコファイド錠１００ｍｇ,ゼリア新薬工業,ＰＴＰ 100錠,2732
4987104054114,モサプリドクエン酸塩錠５ｍｇ「ＺＥ」,全星薬品工業,ＰＴＰ 100錠,926
4987104064014,ビソプロロールフマル酸塩錠０．６２５ｍｇ「ＺＥ」,全星薬品工業,ＰＴＰ 100錠,925
4987104064113,ビソプロロールフマル酸塩錠２．５ｍｇ「ＺＥ」,全星薬品工業,ＰＴＰ 100錠,915
4987114023001,◆乳糖水和物｢ホエイ｣,ヴィアトリス製薬,バラ 500Ｇ (1Ｇ×500),707
4987114038401,◆亜鉛華軟膏「ホエイ」,ヴィアトリス製薬,調剤用 500Ｇ (1Ｇ×500),9999999999
4987114074409,ミノマイシン錠５０ｍｇ,ファイザー,ＰＴＰ 100錠,1067
4987114075000,ミノマイシンカプセル１００ｍｇ,ファイザー,ＰＴＰ 100カプセル,2092
4987114076205,ビブラマイシン錠５０ｍｇ,ファイザー,ＰＴＰ 100錠,1112
4987114077202,ビブラマイシン錠１００ｍｇ,ファイザー,ＰＴＰ 100錠,1958
4987114121103,トビエース錠４ｍｇ,ファイザー,ＰＴＰ 100錠,12002
4987114124005,ジスロマック錠２５０ｍｇ,ファイザー,ＰＴＰ 60錠,7771
4987114175601,エリキュース錠２．５ｍｇ,ファイザー,ＰＴＰ 100錠,10208
4987114176004,エリキュース錠５ｍｇ,ファイザー,ＰＴＰ 100錠,18423
4987114198907,◆ベンズブロマロン錠５０ｍｇ「ＮＭ」,武田薬品工業,ＰＴＰ 1000錠 (1錠×1000),9999999999
4987114219008,◆プレガバリンＯＤ錠１５０ｍｇ「ＶＴＲＳ」,ヴィアトリス製薬,ＰＴＰ 100錠 (1錠×100),2252
4987114223708,ポンタールカプセル２５０ｍｇ,ファイザー,ＰＴＰ 100カプセル,576
4987114347107,アタラックス－Ｐカプセル２５ｍｇ,ファイザー,ＰＴＰ 100カプセル,529
4987114553102,ワイパックス錠１．０,ファイザー,ＰＴＰ 100錠,543
4987114553409,ワイパックス錠０．５,ファイザー,ＰＴＰ 100錠,543
4987114814807,メドロール錠４ｍｇ,ファイザー,ＳＰ 100錠,832
4987114933409,ハルシオン０．２５ｍｇ錠,ファイザー,ＰＴＰ 100錠,668
4987114936301,アルダクトンＡ錠２５ｍｇ,ファイザー,ＰＴＰ 100錠,1148
4987114940803,ミグシス錠５ｍｇ,ファイザー,ＰＴＰ 140錠,1910
4987114941404,ネオメドロールＥＥ軟膏,ファイザー,包装小 30Ｇ,1096
4987114981202,パキロビッドパック３００,ファイザー,ＰＴＰ 5シート,55850
4987116040419,アレビアチン錠１００ｍｇ,住友ファーマ,ＰＴＰ 100錠,1159
4987116140096,アイミクス配合錠ＬＤ,住友ファーマ,ＰＴＰ 100錠,3518
4987116140133,アイミクス配合錠ＨＤ,住友ファーマ,ＰＴＰ 100錠,4063
4987116140218,アロチノロール塩酸塩錠１０ｍｇ「ＤＳＰ」,住友ファーマ,ＰＴＰ 100錠,1188
4987116140294,イルベサルタン錠１００ｍｇ「ＤＳＰＢ」,住友ファーマ,ＰＴＰ 100錠,1429
4987116140317,イルアミクス配合錠ＬＤ「ＤＳＰＢ」,住友ファーマ,ＰＴＰ 100錠,1429
4987116140331,イルアミクス配合錠ＨＤ「ＤＳＰＢ」,住友ファーマ,ＰＴＰ 100錠,1652
4987116155519,アムロジンＯＤ錠５ｍｇ,住友ファーマ,ＰＴＰ 100錠,1111
4987116176514,ナトリックス錠１,住友ファーマ,ＰＴＰ 100錠,900
4987116212212,ガスモチン錠５ｍｇ,住友ファーマ,ＰＴＰ 100錠,917
4987116530002,メトグルコ錠２５０ｍｇ,住友ファーマ,ＰＴＰ 100錠,883
4987116530040,シュアポスト錠０．２５ｍｇ,住友ファーマ,ＰＴＰ 100錠,1462
4987116530101,メトグルコ錠５００ｍｇ,住友ファーマ,ＰＴＰ 100錠,883
4987116530132,エクメット配合錠ＬＤ,住友ファーマ,ＰＴＰ 100錠,3988
4987116530170,エクメット配合錠ＨＤ,住友ファーマ,ＰＴＰ 100錠,3929
4987116530217,エクア錠５０ｍｇ,住友ファーマ,ＰＴＰ 100錠,3608
4987116530316,メトホルミン塩酸塩錠２５０ｍｇＭＴ「ＤＳＰＢ」,住友ファーマ,ＰＴＰ 100錠,869
4987116530323,メトホルミン塩酸塩錠２５０ｍｇＭＴ「ＤＳＰＢ」,住友ファーマ,ＰＴＰ 1000錠,8690
4987116530347,メトホルミン塩酸塩錠５００ｍｇＭＴ「ＤＳＰＢ」,住友ファーマ,ＰＴＰ 100錠,852
4987116530415,ツイミーグ錠５００ｍｇ,住友ファーマ,ＰＴＰ 100錠,3008
4987116545525,グリミクロンＨＡ錠２０ｍｇ,住友ファーマ,ＰＴＰ 100錠,658
4987117616521,バップフォー錠２０,大鵬薬品工業,ＰＴＰ 100錠,3427
4987117773217,メサデルム軟膏０．１％,大鵬薬品工業,包装小 50Ｇ,427
4987117773309,メサデルム軟膏０．１％,大鵬薬品工業,調剤用 100Ｇ,854
4987117775068,メサデルムローション０．１％,大鵬薬品工業,包装小 100Ｇ,854
4987120101601,レボセチリジン塩酸塩錠２．５ｍｇ「タカタ」,高田製薬,ＰＴＰ 100錠,1076
4987120104305,クエチアピン細粒５０％「タカタ」,高田製薬,バラ 100Ｇ,13206
4987120117732,リスペリドン内用液１ｍｇ／ｍＬ「タカタ」,高田製薬,包装小 35ＭＬ,695
4987120120206,ロキソプロフェンＮａテープ１００ｍｇ「タカタ」,高田製薬,包装小 70枚,1233
4987120121906,フルチカゾンフランカルボン酸エステル点鼻液２７．５μｇ「タカタ」５６噴霧用,高田製薬,包装小 5瓶,2088
4987120223709,カルボシステインシロップ５％「タカタ」,高田製薬,調剤用 500ＭＬ,1226
4987120223808,カルボシステインＤＳ５０％「タカタ」,高田製薬,バラ 100Ｇ,9999999999
4987120226304,ツロブテロールテープ１ｍｇ「タカタ」,高田製薬,包装小 70枚,1195
4987120246036,セレスタミン配合錠,高田製薬,ＰＴＰ 500錠,3635
4987120246104,セレスタミン配合シロップ,高田製薬,調剤用 500ＭＬ,2498
4987120263002,ゲンタシン軟膏０．１％,高田製薬,包装小 100Ｇ,978
4987120263101,ゲンタシンクリーム０．１％,高田製薬,包装小 100Ｇ,998
4987120269813,マキサカルシトール軟膏２５μｇ／ｇ「タカタ」,高田製薬,包装小 100Ｇ,9999999999
4987123000178,レボセチリジン塩酸塩錠５ｍｇ「武田テバ」,武田薬品工業,ＰＴＰ 100錠,1547
4987123000758,カルバゾクロムスルホン酸Ｎａ錠３０ｍｇ「あすか」,武田薬品工業,ＰＴＰ 600錠,3826
4987123000949,アイラミド配合懸濁性点眼液,武田薬品工業,包装小 25ＭＬ,10020
4987123001175,ジルムロ配合錠ＨＤ「武田テバ」,武田薬品工業,ＰＴＰ 100錠,2934
4987123001373,ヒアルロン酸Ｎａ点眼液０．１％「センジュ」,武田薬品工業,包装小 10瓶,1527
4987123001564,スクラルファート内用液１０％「ＮＩＧ」,武田薬品工業,包装小 2100ＭＬ,3859
4987123002097,フルチカゾンフランカルボン酸エステル点鼻液２７．５μｇ「武田テバ」５６噴霧用,武田薬品工業,包装小 1キット,592
4987123002523,ラメルテオン錠８ｍｇ「武田テバ」,武田薬品工業,ＰＴＰ 100錠,2417
4987123002721,オメガ－３脂肪酸エチル粒状カプセル２ｇ「武田テバ」,武田薬品工業,分包 56包,4624
4987123002967,メチルジゴキシン錠０．０５ｍｇ「ＮＩＧ」,武田薬品工業,ＰＴＰ 100錠,638
4987123002974,メチルジゴキシン錠０．１ｍｇ「ＮＩＧ」,武田薬品工業,ＰＴＰ 100錠,659
4987123003452,アジルサルタン錠２０ｍｇ「武田テバ」,武田薬品工業,ＰＴＰ 100錠,3200
4987123079631,ユーロジン２ｍｇ錠,武田薬品工業,ＰＴＰ 100錠,891
4987123085816,ビタノイリンカプセル５０,武田薬品工業,ＰＴＰ 1000カプセル,9392
4987123108324,ハイシー顆粒２５％,武田薬品工業,分包 1200Ｇ,8262
4987123119597,プレドニゾロン錠「タケダ」５ｍｇ,武田薬品工業,ＰＴＰ 100錠,1070
4987123123242,◆ボラザＧ坐剤,天藤製薬,包装小 50個 (1個×50),1924
4987123124263,◆フォリアミン錠,富士製薬工業,バラ 100錠 (1錠×100),10698
4987123124843,カルスロット錠１０,武田薬品工業,ＰＴＰ 100錠,1748
4987123127127,２５ｍｇアリナミンＦ糖衣錠,武田薬品工業,ＰＴＰ 100錠,647
4987123127141,ビタノイリンカプセル２５,武田薬品工業,ＰＴＰ 100カプセル,659
4987123133791,◆ボラザＧ軟膏,天藤製薬,包装小 84Ｇ (2.4Ｇ×35本),2560
4987123136273,アクトス錠１５,武田薬品工業,ＰＴＰ 100錠,2522
4987123136297,アクトス錠３０,武田薬品工業,ＰＴＰ 100錠,4852
4987123136389,ブロプレス錠８,武田薬品工業,ＰＴＰ 100錠,4630
4987123139182,２ｍｇセルシン錠,武田薬品工業,ＰＴＰ 100錠,658
4987123139205,５ｍｇセルシン錠,武田薬品工業,ＰＴＰ 100錠,1029
4987123140225,タケプロンＯＤ錠１５,武田薬品工業,ＰＴＰ 100錠,2162
4987123143936,ロゼレム錠８ｍｇ,武田薬品工業,ＰＴＰ 100錠,4354
4987123144049,ベイスンＯＤ錠０．２,武田薬品工業,ＰＴＰ 100錠,1536
4987123144087,ベイスンＯＤ錠０．３,武田薬品工業,ＰＴＰ 100錠,1579
4987123144360,タケプロンカプセル３０,武田薬品工業,ＰＴＰ 100カプセル,3656
4987123146951,人工涙液マイティア点眼液,武田薬品工業,包装小 10瓶,972
4987123146982,メタクト配合錠ＬＤ,武田薬品工業,ＰＴＰ 100錠,3538
4987123147026,メタクト配合錠ＨＤ,武田薬品工業,ＰＴＰ 100錠,5941
4987123147866,ベストロン耳鼻科用１％,武田薬品工業,包装小 25ＭＬ,2504
4987123149402,ネシーナ錠２５ｍｇ,武田薬品工業,ＰＴＰ 100錠,16599
4987123150002,リオベル配合錠ＨＤ,武田薬品工業,ＰＴＰ 100錠,16927
4987123150040,リオベル配合錠ＬＤ,武田薬品工業,ＰＴＰ 100錠,13992
4987123150378,レバミピド錠１００ｍｇ「あすか」,武田薬品工業,ＰＴＰ 100錠,1102
4987123152228,アジルバ錠２０ｍｇ,武田薬品工業,ＰＴＰ 100錠,8082
4987123152280,ロトリガ粒状カプセル２ｇ,武田薬品工業,分包 56包,8542
4987123154185,タケルダ配合錠,武田薬品工業,ＰＴＰ 100錠,2054
4987123154246,ザクラス配合錠ＨＤ,武田薬品工業,ＰＴＰ 100錠,8262
4987123154352,タケキャブ錠１０ｍｇ,武田薬品工業,ＰＴＰ 100錠,9988
4987123154406,タケキャブ錠２０ｍｇ,武田薬品工業,ＰＴＰ 100錠,14936
4987123155076,チラーヂンＳ錠１２．５μｇ,武田薬品工業,ＰＴＰ 100錠,1124
4987123155106,チラーヂンＳ錠２５μｇ,武田薬品工業,ＰＴＰ 100錠,1124
4987123155144,チラーヂンＳ錠５０μｇ,武田薬品工業,ＰＴＰ 500錠,5618
4987123155175,チラーヂンＳ錠７５μｇ,武田薬品工業,ＰＴＰ 100錠,1124
4987123155236,コデインリン酸塩錠２０ｍｇ「タケダ」,武田薬品工業,ＰＴＰ 50錠,4296
4987123155960,イソソルビド内用液７０％分包４０ｍＬ「ＣＥＯ」,武田薬品工業,包装小 42包,5710
4987123156547,イソソルビド内用液７０％「ＣＥＯ」,武田薬品工業,調剤用 500ＭＬ,1404
4987123157520,カンデサルタン錠４ｍｇ「あすか」,武田薬品工業,ＰＴＰ 100錠,1621
4987123157575,カンデサルタン錠８ｍｇ「あすか」,武田薬品工業,ＰＴＰ 100錠,3019
4987123157629,カンデサルタン錠１２ｍｇ「あすか」,武田薬品工業,ＰＴＰ 100錠,3379
4987123158367,イニシンク配合錠,武田薬品工業,ＰＴＰ 100錠,13758
4987123158565,ジオクチルソジウムスルホサクシネート耳科用液５％「ＣＥＯ」,武田薬品工業,包装小 100ＭＬ,4290
4987123158831,メルカゾール錠５ｍｇ,武田薬品工業,ＰＴＰ 100錠,1092
4987123158879,プロパジール錠５０ｍｇ,武田薬品工業,ＰＴＰ 100錠,1092
4987123159036,キャブピリン配合錠,武田薬品工業,ＰＴＰ 100錠,9543
4987123159104,カムシア配合錠ＬＤ「あすか」,武田薬品工業,ＰＴＰ 100錠,2224
4987123159166,カムシア配合錠ＨＤ「あすか」,武田薬品工業,ＰＴＰ 100錠,2224
4987123161909,メルカゾール錠２．５ｍｇ,武田薬品工業,ＰＴＰ 100錠,1092
4987123400268,◆エペリゾン塩酸塩錠５０ｍｇ｢テバ｣,武田薬品工業,ＰＴＰ 100錠 (1錠×100),9999999999
4987123401371,◆セチリジン塩酸塩錠１０ｍｇ「ＮＩＧ」,武田薬品工業,ＰＴＰ 100錠 (1錠×100),1101
4987123401845,ツロブテロールテープ２ｍｇ「ＱＱ」,武田薬品工業,包装小 70枚,1997
4987123402422,◆パンテチン散２０％「ＮＩＧ」,武田薬品工業,バラ 100Ｇ (1Ｇ×100),9999999999
4987123405034,◆ゾルピデム酒石酸塩錠５ｍｇ｢テバ｣,武田薬品工業,ＰＴＰ 100錠 (1錠×100),9999999999
4987123405966,ナテグリニド錠３０ｍｇ「テバ」,武田薬品工業,ＰＴＰ 100錠,1092
4987123405997,ナテグリニド錠９０ｍｇ「テバ」,武田薬品工業,ＰＴＰ 100錠,1912
4987123406260,◆カルボシステインドライシロップ５０％「ＮＩＧ」,武田薬品工業,バラ 100Ｇ (1Ｇ×100),1351
4987123407120,◆シロスタゾール錠５０ｍｇ｢テバ｣,武田薬品工業,ＰＴＰ 100錠 (1錠×100),9999999999
4987123407137,◆シロスタゾール錠１００ｍｇ｢テバ｣,武田薬品工業,ＰＴＰ 100錠 (1錠×100),9999999999
4987123407915,ファモチジンＯＤ錠２０ｍｇ「テバ」,武田薬品工業,ＰＴＰ 100錠,1102
4987123408332,メトホルミン塩酸塩錠２５０ｍｇ「ＳＮ」,武田薬品工業,ＰＴＰ 100錠,1070
4987123408363,◆ピルシカイニド塩酸塩カプセル２５ｍｇ｢テバ｣,武田薬品工業,ＰＴＰ 100カプセル (1カプセル×100),1286
4987123408394,◆ピルシカイニド塩酸塩カプセル５０ｍｇ｢テバ｣,武田薬品工業,ＰＴＰ 100カプセル (1カプセル×100),2139
4987123408806,◆スピロノラクトン錠２５ｍｇ｢テバ｣,日医工,ＰＴＰ 100錠 (1錠×100),9999999999
4987123409261,アンブロキソール塩酸塩錠１５ｍｇ「タイヨー」,武田薬品工業,ＰＴＰ 100錠,626
4987123409612,◆アテノロール錠５０ｍｇ｢タイヨー｣,武田薬品工業,ＰＴＰ 100錠 (1錠×100),659
4987123409919,◆ケトチフェンカプセル１ｍｇ「ＮＩＧ」,武田薬品工業,ＰＴＰ 100カプセル (1カプセル×100),659
4987123410380,◆エピナスチン塩酸塩錠２０ｍｇ｢テバ｣,武田薬品工業,ＰＴＰ 100錠 (1錠×100),9999999999
4987123410519,サラザック配合顆粒,武田薬品工業,分包 1200Ｇ,8429
4987123410533,サラザック配合顆粒,武田薬品工業,分包 120Ｇ,843
4987123410564,◆ジフェニドール塩酸塩錠２５ｍｇ｢タイヨー｣,武田薬品工業,ＰＴＰ 100錠 (1錠×100),9999999999
4987123410656,バッサミン配合錠Ａ８１,武田薬品工業,ＰＴＰ 100錠,638
4987123410977,◆サルポグレラート塩酸塩錠１００ｍｇ｢テバ｣,武田薬品工業,ＰＴＰ 100錠 (1錠×100),3029
4987123411264,シルデナフィル錠５０ｍｇＶＩ「テバ」,武田薬品工業,ＰＴＰ 100錠,46576
4987123412612,◆プラバスタチンＮａ錠５ｍｇ｢テバ｣,武田薬品工業,ＰＴＰ 100錠 (1錠×100),9999999999
4987123415781,フェノフィブラート錠５３．３ｍｇ「武田テバ」,武田薬品工業,ＰＴＰ 100錠,932
4987123415811,フェノフィブラート錠８０ｍｇ「武田テバ」,武田薬品工業,ＰＴＰ 100錠,1102
4987123415880,ランソプラゾールＯＤ錠１５ｍｇ「武田テバ」,武田薬品工業,ＰＴＰ 100錠,1198
4987123416603,ボグリボースＯＤ錠０．２ｍｇ「武田テバ」,武田薬品工業,ＰＴＰ 100錠,1101
4987123416627,ボグリボースＯＤ錠０．３ｍｇ「武田テバ」,武田薬品工業,ＰＴＰ 100錠,1101
4987123416634,ボグリボースＯＤ錠０．３ｍｇ「武田テバ」,武田薬品工業,ＰＴＰ 500錠,4323
4987123416788,◆エチゾラム錠１ｍｇ「ＮＩＧ」,武田薬品工業,ＰＴＰ 100錠 (1錠×100),1070
4987123417280,ロキソプロフェンＮａ錠６０ｍｇ「武田テバ」,武田薬品工業,ＰＴＰ 100錠,1070
4987123417297,ロキソプロフェンＮａ錠６０ｍｇ「武田テバ」,武田薬品工業,ＰＴＰ 1000錠,10380
4987123417303,ロキソプロフェンＮａ錠６０ｍｇ「武田テバ」,武田薬品工業,バラ 1200錠,12837
4987123418102,◆モサプリドクエン酸塩錠５ｍｇ｢武田テバ｣,武田薬品工業,ＰＴＰ 100錠 (1錠×100),9999999999
4987123418164,デュタステリドカプセル０．５ｍｇＡＶ「武田テバ」,武田薬品工業,ＰＴＰ 30カプセル,852
4987123418225,◆サラゾスルファピリジン腸溶錠５００ｍｇ｢武田テバ｣,武田薬品工業,ＰＴＰ 100錠 (1錠×100),9999999999
4987123871051,エペリゾン塩酸塩錠５０ｍｇ「ＮＩＧ」,武田薬品工業,ＰＴＰ 100錠,647
4987123871167,アルファカルシドールカプセル０．５μｇ「ＮＩＧ」,武田薬品工業,ＰＴＰ 100カプセル,659
4987123871280,ジスチグミン臭化物錠５ｍｇ「ＮＩＧ」,武田薬品工業,ＰＴＰ 100錠,1124
4987123871419,セチリジン塩酸塩錠１０ｍｇ「ＮＩＧ」,武田薬品工業,ＰＴＰ 100錠,9999999999
4987123871525,パンテチン散２０％「ＮＩＧ」,武田薬品工業,バラ 1000Ｇ,10254
4987123872058,ゾルピデム酒石酸塩錠１０ｍｇ「ＮＩＧ」,武田薬品工業,ＰＴＰ 100錠,1470
4987123872096,ゾルピデム酒石酸塩錠５ｍｇ「ＮＩＧ」,武田薬品工業,ＰＴＰ 100錠,1124
4987123872645,カリジノゲナーゼ錠５０単位「ＮＩＧ」,武田薬品工業,ＰＴＰ 100錠,1113
4987123872768,ベンズブロマロン錠５０ｍｇ「ＮＩＧ」,武田薬品工業,ＰＴＰ 100錠,659
4987123872812,シロスタゾール錠５０ｍｇ「ＮＩＧ」,武田薬品工業,ＰＴＰ 100錠,1124
4987123872829,シロスタゾール錠１００ｍｇ「ＮＩＧ」,武田薬品工業,ＰＴＰ 100錠,1362
4987123872973,ピルシカイニド塩酸塩カプセル５０ｍｇ「ＮＩＧ」,武田薬品工業,ＰＴＰ 100カプセル,9999999999
4987123872997,ベニジピン塩酸塩錠４ｍｇ「ＮＩＧ」,武田薬品工業,ＰＴＰ 100錠,1102
4987123873109,メトクロプラミド錠５ｍｇ「ＮＩＧ」,武田薬品工業,ＰＴＰ 1000錠,6249
4987123873161,カルボシステイン錠２５０ｍｇ「ＮＩＧ」,武田薬品工業,ＰＴＰ 100錠,1102
4987123873383,カルボシステイン錠５００ｍｇ「ＮＩＧ」,武田薬品工業,ＰＴＰ 100錠,1124
4987123873413,アテノロール錠５０ｍｇ「ＮＩＧ」,武田薬品工業,ＰＴＰ 100錠,9999999999
4987123873727,エピナスチン塩酸塩錠２０ｍｇ「ＮＩＧ」,武田薬品工業,ＰＴＰ 100錠,1568
4987123873758,ジフェニドール塩酸塩錠２５ｍｇ「ＮＩＧ」,武田薬品工業,ＰＴＰ 100錠,626
4987123873857,サルポグレラート塩酸塩錠１００ｍｇ「ＮＩＧ」,武田薬品工業,ＰＴＰ 100錠,9999999999
4987123873949,マニジピン塩酸塩錠１０ｍｇ「ＮＩＧ」,武田薬品工業,ＰＴＰ 100錠,1124
4987123874540,フロセミド錠１０ｍｇ「ＮＩＧ」,武田薬品工業,ＰＴＰ 100錠,9999999999
4987123874632,プラバスタチンＮａ錠５ｍｇ「ＮＩＧ」,武田薬品工業,ＰＴＰ 100錠,1102
4987123875240,フロセミド錠２０ｍｇ「ＮＩＧ」,武田薬品工業,ＰＴＰ 100錠,669
4987123875271,フロセミド錠４０ｍｇ「ＮＩＧ」,武田薬品工業,ＰＴＰ 100錠,700
4987123875547,ｄ－クロルフェニラミンマレイン酸塩錠２ｍｇ「ＮＩＧ」,武田薬品工業,ＰＴＰ 100錠,626
4987123875851,ジクロフェナクＮａゲル１％「ＮＩＧ」,武田薬品工業,包装小 250Ｇ,876
4987124041910,アゼルニジピン錠８ｍｇ「ＴＣＫ」,辰巳化学,ＰＴＰ 100錠,1107
4987124119046,カルボシステイン錠２５０ｍｇ「ＴＣＫ」,辰巳化学,ＰＴＰ 1000錠,11057
4987124151916,ジメモルファンリン酸塩錠１０ｍｇ「ＴＣＫ」,辰巳化学,ＰＴＰ 100錠,726
4987124270525,アモキシシリンカプセル２５０ｍｇ「ＴＣＫ」,辰巳化学,ＰＴＰ 100カプセル,1107
4987124442236,ジメモルファンリン酸塩シロップ小児用０．２５％「ＴＣＫ」,辰巳化学,調剤用 500ＭＬ,3686
4987124700619,ピムロ顆粒,辰巳化学,分包 300Ｇ,9999999999
4987128005147,コントミン糖衣錠２５ｍｇ,田辺三菱製薬,ＰＴＰ 100錠,815
4987128006496,デパス錠０．５ｍｇ,田辺三菱製薬,ＰＴＰ 100錠,845
4987128006502,デパス錠１ｍｇ,田辺三菱製薬,ＰＴＰ 100錠,912
4987128009572,リーゼ錠５ｍｇ,田辺三菱製薬,ＰＴＰ 100錠,587
4987128034048,ハロペリドール細粒１％「ヨシトミ」,田辺三菱製薬,バラ 100Ｇ,878
4987128064137,タリオン錠１０ｍｇ,田辺三菱製薬,ＰＴＰ 100錠,1659
4987128087365,マイザークリーム０．０５％,田辺三菱製薬,包装小 50Ｇ,483
4987128087839,ガストローム顆粒６６．７％,田辺三菱製薬,分包 168Ｇ,1660
4987128100514,ゲーベンクリーム１％,田辺三菱製薬,包装小 500Ｇ,5700
4987128103492,カナグルＯＤ錠１００ｍｇ,田辺三菱製薬,ＰＴＰ 100錠,13090
4987128107285,マイザー軟膏０．０５％,田辺三菱製薬,包装小 50Ｇ,492
4987128115372,メインテート錠５ｍｇ,田辺三菱製薬,ＰＴＰ 100錠,1558
4987128122592,ヘルベッサーＲカプセル１００ｍｇ,田辺三菱製薬,ＰＴＰ 100カプセル,1502
4987128123780,コンベッククリーム５％,田辺三菱製薬,包装小 100Ｇ,1133
4987128127757,サアミオン錠５ｍｇ,田辺三菱製薬,ＰＴＰ 100錠,1250
4987128132478,コンベック軟膏５％,田辺三菱製薬,包装小 100Ｇ,1133
4987128144327,テネリア錠２０ｍｇ,田辺三菱製薬,ＰＴＰ 100錠,8378
4987128148127,メインテート錠２．５ｍｇ,田辺三菱製薬,ＰＴＰ 100錠,1241
4987128191116,カナグル錠１００ｍｇ,田辺三菱製薬,ＰＴＰ 100錠,12860
4987128207602,マンジャロ皮下注２．５ｍｇアテオス,田辺三菱製薬, 2キット,3428
4987128265138,タナトリル錠５,田辺三菱製薬,ＰＴＰ 100錠,2701
4987128300846,ウルソ錠１００ｍｇ,田辺三菱製薬,ＰＴＰ 100錠,926
4987128302291,テオドール錠１００ｍｇ,田辺三菱製薬,ＰＴＰ 100錠,542
4987128302345,テオドール錠２００ｍｇ,田辺三菱製薬,ＰＴＰ 100錠,827
4987128303151,アンプラーグ錠１００ｍｇ,田辺三菱製薬,ＰＴＰ 100錠,4681
4987128305216,マンジャロ皮下注５ｍｇアテオス,田辺三菱製薬, 2キット,6856
4987128320011,ブロチゾラム錠０．２５ｍｇ「ヨシトミ」,田辺三菱製薬,ＰＴＰ 100錠,872
4987128322084,クレメジン細粒分包２ｇ,田辺三菱製薬,分包 168Ｇ,7229
4987128322527,ルパフィン錠１０ｍｇ,田辺三菱製薬,ＰＴＰ 100錠,3583
4987136100124,セルセプトカプセル２５０,中外製薬,ＰＴＰ 100カプセル,8199
4987136100278,タミフルカプセル７５,中外製薬,ＰＴＰ 10カプセル,1556
4987136100315,タミフルドライシロップ３％,中外製薬,バラ 30Ｇ,3068
4987136104450,シグマート錠２．５ｍｇ,中外製薬,ＰＴＰ 100錠,583
4987136104481,シグマート錠５ｍｇ,中外製薬,ＰＴＰ 100錠,640
4987136118938,エディロールカプセル０．５μｇ,中外製薬,ＰＴＰ 100カプセル,2410
4987136118983,エディロールカプセル０．７５μｇ,中外製薬,ＰＴＰ 100カプセル,3479
4987136157241,アルファロールカプセル０．５μｇ,中外製薬,ＰＴＰ 100カプセル,607
4987136157265,アルファロールカプセル１μｇ,中外製薬,ＰＴＰ 100カプセル,924
4987138800138,ツムラ葛根湯エキス顆粒（医療用）,ツムラ,分包 472.5Ｇ,5701
4987138800244,ツムラ葛根湯加川きゅう辛夷エキス顆粒（医療用）,ツムラ,分包 105Ｇ,963
4987138800541,ツムラ安中散エキス顆粒（医療用）,ツムラ,分包 105Ｇ,1030
4987138800640,ツムラ十味敗毒湯エキス顆粒（医療用）,ツムラ,分包 105Ｇ,1345
4987138800749,ツムラ八味地黄丸エキス顆粒（医療用）,ツムラ,分包 105Ｇ,935
4987138800848,ツムラ大柴胡湯エキス顆粒（医療用）,ツムラ,分包 105Ｇ,2090
4987138801241,ツムラ柴胡加竜骨牡蛎湯エキス顆粒（医療用）,ツムラ,分包 105Ｇ,1937
4987138801647,ツムラ半夏厚朴湯エキス顆粒（医療用）,ツムラ,分包 105Ｇ,1393
4987138801746,ツムラ五苓散エキス顆粒（医療用）,ツムラ,分包 105Ｇ,1298
4987138801845,ツムラ桂枝加朮附湯エキス顆粒（医療用）,ツムラ,分包 105Ｇ,1421
4987138801944,ツムラ小青竜湯エキス顆粒（医療用）,ツムラ,分包 126Ｇ,1465
4987138802040,ツムラ防已黄耆湯エキス顆粒（医療用）,ツムラ,分包 105Ｇ,916
4987138802248,ツムラ消風散エキス顆粒（医療用）,ツムラ,分包 105Ｇ,1154
4987138802347,ツムラ当帰芍薬散エキス顆粒（医療用）,ツムラ,分包 105Ｇ,1421
4987138802446,ツムラ加味逍遙散エキス顆粒（医療用）,ツムラ,分包 105Ｇ,1517
4987138802545,ツムラ桂枝茯苓丸エキス顆粒（医療用）,ツムラ,分包 105Ｇ,1345
4987138802644,ツムラ桂枝加竜骨牡蛎湯エキス顆粒（医療用）,ツムラ,分包 105Ｇ,1317
4987138802743,ツムラ麻黄湯エキス顆粒（医療用）,ツムラ,分包 105Ｇ,1088
4987138802941,ツムラ麦門冬湯エキス顆粒（医療用）,ツムラ,分包 126Ｇ,1890
4987138803139,ツムラ呉茱萸湯エキス顆粒（医療用）,ツムラ,分包 472.5Ｇ,6509
4987138804044,ツムラ猪苓湯エキス顆粒（医療用）,ツムラ,分包 105Ｇ,1307
4987138804143,ツムラ補中益気湯エキス顆粒（医療用）,ツムラ,分包 105Ｇ,2147
4987138804341,ツムラ六君子湯エキス顆粒（医療用）,ツムラ,分包 105Ｇ,1718
4987138804747,ツムラ釣藤散エキス顆粒（医療用）,ツムラ,分包 105Ｇ,3311
4987138804839,ツムラ十全大補湯エキス顆粒（医療用）,ツムラ,分包 472.5Ｇ,9999999999
4987138804846,ツムラ十全大補湯エキス顆粒（医療用）,ツムラ,分包 105Ｇ,9999999999
4987138805133,ツムラ潤腸湯エキス顆粒（医療用）,ツムラ,分包 472.5Ｇ,6467
4987138805140,ツムラ潤腸湯エキス顆粒（医療用）,ツムラ,分包 105Ｇ,1450
4987138805447,ツムラ抑肝散エキス顆粒（医療用）,ツムラ,分包 105Ｇ,1536
4987138806239,ツムラ防風通聖散エキス顆粒（医療用）,ツムラ,分包 472.5Ｇ,5871
4987138806246,ツムラ防風通聖散エキス顆粒（医療用）,ツムラ,分包 105Ｇ,1317
4987138806840,ツムラ芍薬甘草湯エキス顆粒（医療用）,ツムラ,分包 105Ｇ,992
4987138808448,ツムラ大黄甘草湯エキス顆粒（医療用）,ツムラ,分包 105Ｇ,763
4987138809049,ツムラ清肺湯エキス顆粒（医療用）,ツムラ,分包 126Ｇ,1958
4987138810045,ツムラ大建中湯エキス顆粒（医療用）,ツムラ,分包 210Ｇ,2615
4987138810748,ツムラ牛車腎気丸エキス顆粒（医療用）,ツムラ,分包 105Ｇ,1689
4987138810847,ツムラ人参養栄湯エキス顆粒（医療用）,ツムラ,分包 126Ｇ,2301
4987138810946,ツムラ小柴胡湯加桔梗石膏エキス顆粒（医療用）,ツムラ,分包 105Ｇ,3550
4987138812148,ツムラ三物黄ごん湯エキス顆粒（医療用）,ツムラ,分包 105Ｇ,706
4987138812346,ツムラ当帰建中湯エキス顆粒（医療用）,ツムラ,分包 105Ｇ,1393
4987138812643,ツムラ麻子仁丸エキス顆粒（医療用）,ツムラ,分包 105Ｇ,944
4987142011605,フランドルテープ４０ｍｇ,トーアエイヨー,包装小 50枚,1710
4987142311118,メトホルミン塩酸塩錠２５０ｍｇＭＴ「ＴＥ」,トーアエイヨー,ＰＴＰ 100錠,892
4987142381203,ビソノテープ２ｍｇ,トーアエイヨー,包装小 70枚,2585
4987142431120,トラセミドＯＤ錠８ｍｇ「ＴＥ」,トーアエイヨー,ＰＴＰ 500錠,3175
4987142461110,ユリノーム錠５０ｍｇ,トーアエイヨー,ＰＴＰ 100錠,978
4987153090682,テリボン皮下注２８．２μｇオートインジェクター,旭化成ファーマ, 4キット,21318
4987153136632,プレドニゾロン錠１ｍｇ（旭化成）,旭化成ファーマ,ＰＴＰ 100錠,719
4987155004168,フルスルチアミン錠２５ｍｇ「トーワ」,東和薬品,ＰＴＰ 1000錠,5130
4987155027167,フェキソフェナジン塩酸塩錠６０ｍｇ「トーワ」,東和薬品,ＰＴＰ 100錠,2099
4987155029086,カルボシステイン錠５００ｍｇ「トーワ」,東和薬品,ＰＴＰ 100錠,945
4987155031096,アジスロマイシン錠２５０ｍｇ「トーワ」,東和薬品,ＰＴＰ 60錠,3296
4987155031119,カルバゾクロムスルホン酸Ｎａ錠３０ｍｇ「トーワ」,東和薬品,ＰＴＰ 100錠,549
4987155034103,アンブロキソール塩酸塩錠１５ｍｇ「トーワ」,東和薬品,ＰＴＰ 100錠,9999999999
4987155040166,カルボシステインＤＳ５０％「トーワ」,東和薬品,バラ 100Ｇ,1135
4987155042085,ロキソプロフェンＮａパップ１００ｍｇ「トーワ」,東和薬品,包装小 70枚,1119
4987155050158,トコフェロール酢酸エステル錠５０ｍｇ「トーワ」,東和薬品,ＰＴＰ 100錠,531
4987155061062,ピタバスタチンＣａ・ＯＤ錠２ｍｇ「トーワ」,東和薬品,ＰＴＰ 100錠,1410
4987155062076,プレドニゾロン錠５ｍｇ「トーワ」,東和薬品,ＰＴＰ 100錠,909
4987155066104,エペリゾン塩酸塩錠５０ｍｇ「トーワ」,東和薬品,ＰＴＰ 100錠,549
4987155067132,ベンズブロマロン錠５０ｍｇ「トーワ」,東和薬品,ＰＴＰ 100錠,548
4987155071078,トーワチーム配合顆粒,東和薬品,分包 800Ｇ,4724
4987155075076,タクロリムス錠０．５ｍｇ「トーワ」,東和薬品,ＰＴＰ 100錠,8010
4987155078145,チキジウム臭化物カプセル１０ｍｇ「トーワ」,東和薬品,ＰＴＰ 100カプセル,553
4987155088038,セファレキシンカプセル２５０ｍｇ「トーワ」,東和薬品,ＰＴＰ 100カプセル,2862
4987155092080,スピロノラクトン錠２５ｍｇ「トーワ」,東和薬品,ＰＴＰ 100錠,535
4987155098105,バルサルタン錠４０ｍｇ「トーワ」,東和薬品,ＰＴＰ 100錠,926
4987155099072,バルサルタン錠８０ｍｇ「トーワ」,東和薬品,ＰＴＰ 100錠,1175
4987155100105,バルサルタン錠１６０ｍｇ「トーワ」,東和薬品,ＰＴＰ 100錠,1860
4987155103069,ニフェジピンＣＲ錠２０ｍｇ「トーワ」,東和薬品,ＰＴＰ 100錠,626
4987155105124,トリメブチンマレイン酸塩錠１００ｍｇ「トーワ」,東和薬品,ＰＴＰ 100錠,548
4987155112122,トコフェロールニコチン酸エステルカプセル１００ｍｇ「トーワ」,東和薬品,ＰＴＰ 100カプセル,513
4987155113105,ニフェジピンＣＲ錠４０ｍｇ「トーワ」,東和薬品,ＰＴＰ 100錠,1208
4987155114027,アモキシシリンカプセル２５０ｍｇ「トーワ」,東和薬品,ＰＴＰ 100カプセル,945
4987155143140,カルベジロール錠１．２５ｍｇ「トーワ」,東和薬品,ＰＴＰ 100錠,935
4987155145106,フェキソフェナジン塩酸塩ＤＳ５％「トーワ」,東和薬品,分包 60Ｇ,1584
4987155145113,フェキソフェナジン塩酸塩ＤＳ５％「トーワ」,東和薬品,バラ 100Ｇ,2640
4987155147339,プレガバリンカプセル７５ｍｇ「トーワ」,東和薬品,ＰＴＰ 100カプセル,1610
4987155149166,レボセチリジン塩酸塩シロップ０．０５％「トーワ」,東和薬品,調剤用 200ＭＬ,1242
4987155150094,セフジニルカプセル１００ｍｇ「トーワ」,東和薬品,ＰＴＰ 100カプセル,9999999999
4987155151145,リバスチグミンテープ４．５ｍｇ「トーワ」,東和薬品,包装小 14枚,887
4987155152050,エルデカルシトールカプセル０．５μｇ「トーワ」,東和薬品,ＰＴＰ 100カプセル,1153
4987155152074,エルデカルシトールカプセル０．７５μｇ「トーワ」,東和薬品,ＰＴＰ 100カプセル,1698
4987155158076,トラネキサム酸カプセル２５０ｍｇ「トーワ」,東和薬品,ＰＴＰ 100カプセル,936
4987155159097,ドンペリドン錠１０ｍｇ「トーワ」,東和薬品,ＰＴＰ 100錠,549
4987155161052,エディロール錠０．７５μｇ,東和薬品,ＰＴＰ 100錠,3608
4987155161267,フルチカゾンフランカルボン酸エステル点鼻液２７．５μｇ「トーワ」５６噴霧用,東和薬品,包装小 5瓶,2088
4987155162424,オセルタミビル錠７５ｍｇ「トーワ」,東和薬品,ＰＴＰ 10錠,969
4987155165128,セフカペンピボキシル塩酸塩錠１００ｍｇ「ＴＷ」,東和薬品,ＰＴＰ 100錠,3720
4987155165241,ビルダグリプチン錠５０ｍｇ「トーワ」,東和薬品,ＰＴＰ 100錠,1546
4987155165265,セフカペンピボキシル塩酸塩錠１００ｍｇ「ＴＷ」,東和薬品,ＰＴＰ 500錠,18315
4987155165470,リバーロキサバンＯＤ錠１５ｍｇ「トーワ」,東和薬品,ＰＴＰ 100錠,18816
4987155178067,ベタメタゾン吉草酸エステル軟膏０．１２％「トーワ」,東和薬品,包装小 50Ｇ,313
4987155186079,ランソプラゾールＯＤ錠１５ｍｇ「トーワ」,東和薬品,ＰＴＰ 100錠,994
4987155195101,テプレノンカプセル５０ｍｇ「トーワ」,東和薬品,ＰＴＰ 1000カプセル,5850
4987155199116,グリクラジド錠４０ｍｇ「トーワ」,東和薬品,ＰＴＰ 100錠,553
4987155203028,シーピー配合顆粒,東和薬品,バラ 1000Ｇ,5906
4987155203097,シーピー配合顆粒,東和薬品,分包 1050Ｇ,6201
4987155244151,カルボシステイン錠２５０ｍｇ「トーワ」,東和薬品,ＰＴＰ 100錠,945
4987155244175,カルボシステイン錠２５０ｍｇ「トーワ」,東和薬品,ＰＴＰ 1000錠,9450
4987155261059,ナフトピジルＯＤ錠５０ｍｇ「トーワ」,東和薬品,ＰＴＰ 140錠,1726
4987155262070,ナフトピジルＯＤ錠２５ｍｇ「トーワ」,東和薬品,ＰＴＰ 100錠,936
4987155273045,オランザピン錠２．５ｍｇ「トーワ」,東和薬品,ＰＴＰ 100錠,9999999999
4987155274059,カルベジロール錠１０ｍｇ「トーワ」,東和薬品,ＰＴＰ 100錠,926
4987155343014,アムバロ配合ＯＤ錠「トーワ」,東和薬品,ＰＴＰ 100錠,1380
4987155346022,カムシア配合錠ＬＤ「トーワ」,東和薬品,ＰＴＰ 100錠,1859
4987155412031,トリクロルメチアジド錠１ｍｇ「トーワ」,東和薬品,ＰＴＰ 100錠,575
4987155478044,ジルチアゼム塩酸塩徐放カプセル１００ｍｇ「トーワ」,東和薬品,ＰＴＰ 100カプセル,944
4987155536041,タムスロシン塩酸塩ＯＤ錠０．２ｍｇ「トーワ」,東和薬品,ＰＴＰ 140錠,2303
4987155592016,ロサルタンＫ錠５０ｍｇ「トーワ」,東和薬品,ＰＴＰ 100錠,1718
4987155593020,ロサルタンＫ錠１００ｍｇ「トーワ」,東和薬品,ＰＴＰ 100錠,2537
4987155635010,アムロジピンＯＤ錠２．５ｍｇ「トーワ」,東和薬品,ＰＴＰ 100錠,926
4987155760057,エピナスチン塩酸塩錠２０ｍｇ「トーワ」,東和薬品,ＰＴＰ 100錠,9999999999
4987155782042,プロピベリン塩酸塩錠１０ｍｇ「トーワ」,東和薬品,ＰＴＰ 100錠,1598
4987155783049,プロピベリン塩酸塩錠２０ｍｇ「トーワ」,東和薬品,ＰＴＰ 100錠,2264
4987155785050,オメプラゾール錠１０ｍｇ「トーワ」,東和薬品,ＰＴＰ 100錠,1202
4987155786057,オメプラゾール錠２０ｍｇ「トーワ」,東和薬品,ＰＴＰ 100錠,1842
4987155823035,セフジニル細粒小児用１０％「トーワ」,東和薬品,分包 60Ｇ,2444
4987155823042,セフジニル細粒小児用１０％「トーワ」,東和薬品,バラ 100Ｇ,4073
4987155847017,リスペリドン内用液１ｍｇ／ｍＬ「トーワ」,東和薬品,包装小 25ＭＬ,681
4987155847048,リスペリドン内用液１ｍｇ／ｍＬ「トーワ」,東和薬品,調剤用 100ＭＬ,2726
4987155851021,メナテトレノンカプセル１５ｍｇ「トーワ」,東和薬品,ＰＴＰ 210カプセル,2037
4987155876048,クラリスロマイシンＤＳ小児用１０％「トーワ」,東和薬品,バラ 100Ｇ,2625
4987155911015,セフジトレンピボキシル錠１００ｍｇ「トーワ」,東和薬品,ＰＴＰ 100錠,5122
4987155949063,ファモチジンＯＤ錠２０ｍｇ「トーワ」,東和薬品,ＰＴＰ 100錠,926
4987155965032,セフポドキシムプロキセチル錠１００ｍｇ「トーワ」,東和薬品,ＰＴＰ 100錠,2503
4987158102038,ウブレチド錠５ｍｇ,鳥居薬品,ＰＴＰ 100錠,1115
4987158134008,ロコイドクリーム０．１％,鳥居薬品,包装小 50Ｇ,663
4987158139690,スタデルム軟膏５％,鳥居薬品,包装小 100Ｇ,965
4987158143215,アンテベートローション０．０５％,鳥居薬品,包装小 100Ｇ,1682
4987158144007,アンテベート軟膏０．０５％,鳥居薬品,包装小 50Ｇ,841
4987158145004,アンテベートクリーム０．０５％,鳥居薬品,包装小 50Ｇ,841
4987158151005,ロコイド軟膏０．１％,鳥居薬品,包装小 50Ｇ,663
4987158309512,ゼフナートクリーム２％,鳥居薬品,包装小 100Ｇ,2196
4987158327158,レミッチＯＤ錠２．５μｇ,鳥居薬品,ＰＴＰ 14錠,9999999999
4987158328704,ブイタマークリーム１％,鳥居薬品,包装小 15Ｇ,4019
4987158701569,ビオスリー配合錠,鳥居薬品,ＰＴＰ 630錠,3701
4987158709176,ビオスリー配合散,鳥居薬品,分包 630Ｇ,4709
4987158710004,ビオスリー配合ＯＤ錠,鳥居薬品,ＰＴＰ 630錠,3700
4987167005481,スピール膏Ｍ,ニチバン,包装小 6枚,449
4987170006451,ニトロペン舌下錠０．３ｍｇ,日本化薬,ＳＰ 100錠,908
4987170020396,デキサメタゾン口腔用軟膏０．１％「ＮＫ」,日本化薬,包装小 20Ｇ,671
4987170020419,デキサメタゾン口腔用軟膏０．１％「ＮＫ」,日本化薬,包装小 50Ｇ,1680
4987171226100,アムバロ配合錠「ケミファ」,日本ケミファ,ＰＴＰ 100錠,1379
4987171344101,モンテルカスト細粒４ｍｇ「ケミファ」,日本ケミファ,分包 28包,468
4987171574102,アムロジピンＯＤ錠２．５ｍｇ「ケミファ」,日本ケミファ,ＰＴＰ 100錠,926
4987171575109,アムロジピンＯＤ錠５ｍｇ「ケミファ」,日本ケミファ,ＰＴＰ 100錠,926
4987171659304,メコバラミン錠５００μｇ「ＳＷ」,日本ケミファ,ＰＴＰ 1000錠,5299
4987171674239,ウラリット配合錠,日本ケミファ,ＰＴＰ 100錠,590
4987173015818,アズノールうがい液４％,日本新薬,包装小 50ＭＬ,1081
4987173016273,ウロカルン錠２２５ｍｇ,日本新薬,ＰＴＰ 100錠,542
4987173016365,アズノール軟膏０．０３３％,日本新薬,包装小 200Ｇ,1430
4987173016600,ガスロンＮ・ＯＤ錠２ｍｇ,日本新薬,ＰＴＰ 100錠,907
4987173017157,コルドリン錠１２．５ｍｇ,日本新薬,ＰＴＰ 100錠,9999999999
4987173017713,セファドール錠２５ｍｇ,日本新薬,ＰＴＰ 100錠,542
4987173017720,セファドール錠２５ｍｇ,日本新薬,ＰＴＰ 500錠,2709
4987173017850,シアリス錠１０ｍｇ,日本新薬,ＰＴＰ 20錠,21969
4987173017874,シアリス錠２０ｍｇ,日本新薬,ＰＴＰ 20錠,23164
4987173018536,ザルティア錠５ｍｇ,日本新薬,ＰＴＰ 100錠,7957
4987173018550,トラマールＯＤ錠２５ｍｇ,日本新薬,ＰＴＰ 100錠,1385
4987173019052,トラネキサム酸カプセル２５０ｍｇ「ＮＳＫＫ」,日本新薬,ＰＴＰ 100カプセル,899
4987173019144,タダラフィル錠５ｍｇＺＡ「シオエ」,日本新薬,ＰＴＰ 100錠,9999999999
4987173019397,シアリス錠１０ｍｇ,日本新薬,ＰＴＰ 20錠,22686
4987174111311,ノイロトロピン錠４単位,日本臓器製薬,ＰＴＰ 100錠,2538
4987174186012,ツートラム錠５０ｍｇ,日本臓器製薬,ＰＴＰ 100錠,4115
4987174404024,ジクロフェナクＮａローション１％「日本臓器」,日本臓器製薬,調剤用 500Ｇ,1335
4987174414016,ジクロフェナクＮａゲル１％「日本臓器」,日本臓器製薬,包装小 500Ｇ,1335
4987174422011,ヘパリン類似物質外用泡状スプレー０．３％「日本臓器」,日本臓器製薬,包装小 1000Ｇ,6289
4987185807555,ジャヌビア錠２５ｍｇ,ＭＳＤ,ＰＴＰ 100錠,3775
4987185807630,ジャヌビア錠１００ｍｇ,ＭＳＤ,ＰＴＰ 140錠,14354
4987185808781,ベルソムラ錠１５ｍｇ,ＭＳＤ,ＰＴＰ 100錠,8036
4987185809900,ジャヌビア錠５０ｍｇ,ＭＳＤ,ＰＴＰ 100錠,7044
4987188407004,モーラスパップＸＲ１２０ｍｇ,久光製薬,包装小 70枚,1800
4987188407035,モーラスパップＸＲ２４０ｍｇ,久光製薬,包装小 70枚,2697
4987188412077,モーラステープ２０ｍｇ,久光製薬,包装小 70枚,1170
4987188412176,モーラステープＬ４０ｍｇ,久光製薬,包装小 70枚,1719
4987188415146,セクターローション３％,久光製薬,包装小 500ＭＬ,1946
4987188415801,ロキソプロフェンＮａテープ５０ｍｇ「久光」,久光製薬,包装小 70枚,794
4987188415832,ロキソプロフェンＮａテープ１００ｍｇ「久光」,久光製薬,包装小 70枚,1100
4987188421079,ナボールパップ１４０ｍｇ,久光製薬,包装小 70枚,1095
4987188447048,ジクロフェナクＮａ坐剤５０ｍｇ「日新」,久光製薬,包装小 100個,9999999999
4987188457009,アポハイドローション２０％,久光製薬,包装小 86.4Ｇ,41810
4987188488010,ジクトルテープ７５ｍｇ,久光製薬,包装小 70枚,9625
4987188490525,アルピニー坐剤１００,久光製薬,包装小 100個,1860
4987188492017,エクラー軟膏０．３％,久光製薬,包装小 50Ｇ,551
4987188493021,ハイチオール錠８０,久光製薬,ＰＴＰ 1000錠,5164
4987190001009,イトプリド塩酸塩錠５０ｍｇ「ＮＰ」,ニプロ,ＰＴＰ 100錠,542
4987190012104,グリクラジド錠２０ｍｇ「ＮＰ」,ニプロ,ＰＴＰ 100錠,524
4987190018731,エソメプラゾールカプセル１０ｍｇ「ニプロ」,ニプロ,ＰＴＰ 100カプセル,1866
4987190020338,エソメプラゾールカプセル２０ｍｇ「ニプロ」,ニプロ,ＰＴＰ 100カプセル,3250
4987190021205,フロセミド錠２０ｍｇ「ＮＰ」,ニプロ,ＰＴＰ 100錠,560
4987190029904,デキストロメトルファン臭化水素酸塩錠１５ｍｇ「ＮＰ」,ニプロ,ＰＴＰ 100錠,765
4987190065513,ロキソプロフェンＮａテープ１００ｍｇ「ＮＰ」,ニプロ,包装小 70枚,1107
4987190065919,ロキソプロフェンＮａゲル１％「ＮＰ」,ニプロ,包装小 250Ｇ,466
4987190067302,メトホルミン塩酸塩錠２５０ｍｇＭＴ「ニプロ」,ニプロ,ＰＴＰ 100錠,913
4987190067708,テラムロ配合錠ＢＰ「ニプロ」,ニプロ,ＰＴＰ 100錠,1239
4987190082602,カンデサルタン錠８ｍｇ「ニプロ」,ニプロ,ＰＴＰ 100錠,952
4987190086105,モンテルカスト錠１０ｍｇ「ニプロ」,ニプロ,ＰＴＰ 100錠,1172
4987190090706,アンブロキソール塩酸塩徐放ＯＤ錠４５ｍｇ「ニプロ」,ニプロ,ＰＴＰ 100錠,1433
4987190090904,ロスバスタチン錠２．５ｍｇ「ニプロ」,ニプロ,ＰＴＰ 100錠,925
4987190117717,ヘパリン類似物質油性クリーム０．３％「ニプロ」,ニプロ,包装小 250Ｇ,823
4987190510808,ベポタスチンベシル酸塩ＯＤ錠１０ｍｇ「タナベ」,ニプロ,ＰＴＰ 100錠,930
4987190534903,マグミット錠３３０ｍｇ,ニプロ,ＰＴＰ 100錠,507
4987197360215,セルニルトン錠,扶桑薬品工業,ＰＴＰ 100錠,1692
4987199100420,アレグラ錠６０ｍｇ,サノフィ,ＰＴＰ 100錠,2211
4987199100550,アマリール０．５ｍｇ錠,サノフィ,ＰＴＰ 100錠,925
4987199100611,アマリール１ｍｇ錠,サノフィ,ＰＴＰ 100錠,925
4987199101854,ランタス注ソロスター,サノフィ, 2キット,1782
4987199232268,プラビックス錠７５ｍｇ,サノフィ,ＰＴＰ 100錠,5045
4987199232862,ルリッド錠１５０,サノフィ,ＰＴＰ 100錠,1988
4987199323539,ブスコパン錠１０ｍｇ,サノフィ,ＰＴＰ 100錠,543
4987199324079,インスリン　リスプロＢＳ注ソロスター　ＨＵ「サノフィ」,サノフィ, 2キット,1542
4987199324666,インスリン　アスパルトＢＳ注カート　ＮＲ「サノフィ」,サノフィ, 2筒,1489
4987211103217,アセトアミノフェン錠２００ｍｇ「マルイシ」,丸石製薬,ＰＴＰ 100錠,541
4987211103415,アセトアミノフェン錠５００ｍｇ「マルイシ」,丸石製薬,ＰＴＰ 100錠,1002
4987211127008,酸化マグネシウム原末「マルイシ」,丸石製薬,バラ 500Ｇ,693
4987211153106,プロペト,丸石製薬,調剤用 100Ｇ,271
4987211153113,プロペト,丸石製薬,調剤用 500Ｇ,1082
4987211306168,スクロードパスタ,丸石製薬,調剤用 100Ｇ,9999999999
4987211306335,サリパラ液,丸石製薬,調剤用 500ＭＬ,578
4987213021304,強力ポステリザン（軟膏）,マルホ,包装小 100Ｇ,1812
4987213030405,エキザルベ,マルホ,包装小 50Ｇ,1326
4987213030504,エキザルベ,マルホ,調剤用 100Ｇ,2652
4987213050731,ヒルドイドクリーム０．３％,マルホ,調剤用 100Ｇ,1620
4987213050755,ヒルドイドクリーム０．３％,マルホ,包装小 250Ｇ,4050
4987213051516,ヒルドイドゲル０．３％,マルホ,包装小 250Ｇ,2208
4987213052810,ヒルドイドソフト軟膏０．３％,マルホ,包装小 250Ｇ,4050
4987213052865,ヒルドイドソフト軟膏０．３％,マルホ,調剤用 100Ｇ,1620
4987213053510,ヒルドイドローション０．３％,マルホ,包装小 250Ｇ,4050
4987213101020,オキサロール軟膏２５μｇ／ｇ,マルホ,包装小 10Ｇ,423
4987213102065,ファロム錠２００ｍｇ,マルホ,ＰＴＰ 100錠,13464
4987213102133,ファロムドライシロップ小児用１０％,マルホ,バラ 50Ｇ,7929
4987213102157,ファロムドライシロップ小児用１０％,マルホ,分包 60Ｇ,9515
4987213109316,プロトピック軟膏０．０３％小児用,マルホ,包装小 50Ｇ,3231
4987213109408,ベピオゲル２．５％,マルホ,包装小 150Ｇ,11628
4987213109507,ゼビアックスローション２％,マルホ,包装小 100Ｇ,4508
4987213110206,アメナリーフ錠２００ｍｇ,マルホ,ＰＴＰ 14錠,9999999999
4987213110701,ゼビアックス油性クリーム２％,マルホ,包装小 100Ｇ,4508
4987213111012,ヒルドイドフォーム０．３％,マルホ,包装小 920Ｇ,15312
4987213118011,ラピフォートワイプ２．５％,マルホ,包装小 28包,6155
4987222000505,メマンチン塩酸塩ＯＤ錠１０ｍｇ「明治」,Ｍｅｉｊｉ　Ｓｅｉｋａ　ファルマ,ＰＴＰ 14錠,462
4987222001755,デュロキセチンＯＤ錠２０ｍｇ「明治」,Ｍｅｉｊｉ　Ｓｅｉｋａ　ファルマ,ＰＴＰ 100錠,2270
4987222002936,セフジトレン　ピボキシル錠１００ｍｇ「ＯＫ」,Ｍｅｉｊｉ　Ｓｅｉｋａ　ファルマ,ＰＴＰ 100錠,5104
4987222648752,ワイドシリン細粒２０％,Ｍｅｉｊｉ　Ｓｅｉｋａ　ファルマ,バラ 100Ｇ,1071
4987222659543,エバステルＯＤ錠５ｍｇ,Ｍｅｉｊｉ　Ｓｅｉｋａ　ファルマ,ＰＴＰ 100錠,3028
4987222659628,エバステルＯＤ錠１０ｍｇ,Ｍｅｉｊｉ　Ｓｅｉｋａ　ファルマ,ＰＴＰ 100錠,3889
4987222664486,メイアクトＭＳ錠１００ｍｇ,Ｍｅｉｊｉ　Ｓｅｉｋａ　ファルマ,ＰＴＰ 100錠,5143
4987222671422,ポビドンヨードガーグル液７％「明治」,Ｍｅｉｊｉ　Ｓｅｉｋａ　ファルマ,包装小 1500ＭＬ,4275
4987222682152,ビラノア錠２０ｍｇ,Ｍｅｉｊｉ　Ｓｅｉｋａ　ファルマ,ＰＴＰ 100錠,4213
4987222693042,◆セフジトレンピボキシル錠１００ｍｇ｢ＯＫ｣,Ｍｅｉｊｉ　Ｓｅｉｋａ　ファルマ,ＰＴＰ 100錠 (1錠×100),9999999999
4987222697415,ＳＰトローチ０．２５ｍｇ「明治」,Ｍｅｉｊｉ　Ｓｅｉｋａ　ファルマ,ＰＴＰ 1200錠,6435
4987222707473,◆タムスロシン塩酸塩ＯＤ錠０．２ｍｇ「明治」,Ｍｅｉｊｉ　Ｓｅｉｋａ　ファルマ,ＰＴＰ 140錠 (1錠×140),9575
4987222742290,メイラックス錠１ｍｇ,Ｍｅｉｊｉ　Ｓｅｉｋａ　ファルマ,ＰＴＰ 100錠,939
4987222810593,ホスミシンドライシロップ４００,Ｍｅｉｊｉ　Ｓｅｉｋａ　ファルマ,バラ 100Ｇ,7789
4987224003207,アテレック錠１０,持田製薬,ＰＴＰ 100錠,2031
4987224004723,アラセナ－Ａ軟膏３％,持田製薬,包装小 25Ｇ,2896
4987224016207,エストリール腟錠０．５ｍｇ,持田製薬,ＳＰ 100錠,1397
4987224090009,トラムセット配合錠,持田製薬,ＰＴＰ 100錠,2200
4987224104607,◆ヘパリン類似物質外用スプレー０．３％「日医工」,日医工,包装小 1000Ｇ (100Ｇ×10本),15410
4987224106700,フリウェル配合錠ＵＬＤ「モチダ」,持田製薬,ＰＴＰ 84錠,4440
4987224108100,フロリードゲル経口用２％,持田製薬,包装小 50Ｇ,4373
4987224122243,ヘパリン類似物質油性クリーム０．３％「日医工」,持田製薬,調剤用 100Ｇ,355
4987224143774,ユリス錠０．５ｍｇ,持田製薬,ＰＴＰ 100錠,2042
4987224143811,ユリス錠１ｍｇ,持田製薬,ＰＴＰ 100錠,3731
4987233008194,イリボー錠５μｇ,アステラス製薬,ＰＴＰ 100錠,5155
4987233009825,◆ミカルディス錠２０ｍｇ,日本ベーリンガーインゲルハイム,ＰＴＰ 140錠 (1錠×140),2405
4987233012931,ハルナールＤ錠０．２ｍｇ,アステラス製薬,ＰＴＰ 140錠,2964
4987233014966,ベシケアＯＤ錠５ｍｇ,アステラス製薬,ＰＴＰ 100錠,6774
4987233101024,ボノテオ錠５０ｍｇ,アステラス製薬,ＰＴＰ 3錠,3243
4987233102878,スーグラ錠５０ｍｇ,アステラス製薬,ＰＴＰ 100錠,14450
4987233103042,ベタニス錠５０ｍｇ,アステラス製薬,ＰＴＰ 100錠,12470
4987233103653,レパーサ皮下注１４０ｍｇペン,アステラス製薬, 1キット,21629
4987233104247,リンゼス錠０．２５ｍｇ,アステラス製薬,ＳＰ 100錠,5612
4987233105343,スージャヌ配合錠,アステラス製薬,ＰＴＰ 100錠,15734
4987233131762,マイスリー錠５ｍｇ,アステラス製薬,ＰＴＰ 100錠,1479
4987233151005,◆サワシリン錠２５０,ＬＴＬファーマ,ＳＰ 100錠 (1錠×100),1363
4987233731825,マイスリー錠１０ｍｇ,アステラス製薬,ＰＴＰ 100錠,2148
4987235012243,ジクロフェナクナトリウムクリーム１％「ユートク」,祐徳薬品工業,包装小 250Ｇ,636
4987235012519,ロキソプロフェンＮａテープ５０ｍｇ「ユートク」,祐徳薬品工業,包装小 70枚,770
4987235012564,ロキソプロフェンＮａテープ１００ｍｇ「ユートク」,祐徳薬品工業,包装小 70枚,1068
4987236019067,◆養命酒製造クロモジのどあめ,, 1個 (1個×1),205
4987236019098,◆養命酒製造クロモジのどあめ生姜はちみつ,, 1個 (1個×1),205
4987243319600,レボカバスチン塩酸塩点眼液０．０２５％「わかもと」,わかもと製薬,包装小 50ＭＬ,2089
4987246706117,デルモベートクリーム０．０５％,グラクソ・スミスクライン,包装小 50Ｇ,640
4987246706148,デルモベート軟膏０．０５％,グラクソ・スミスクライン,包装小 50Ｇ,640
4987246706193,デルモベート軟膏０．０５％,グラクソ・スミスクライン,包装小 30Ｇ,385
4987246708012,リレンザ,グラクソ・スミスクライン,包装小 20ブリスター,1994
4987246710015,バルトレックス錠５００,グラクソ・スミスクライン,ＰＴＰ 42錠,5359
4987246716185,パキシルＣＲ錠１２．５ｍｇ,グラクソ・スミスクライン,ＰＴＰ 140錠,4140
4987246716208,パキシルＣＲ錠２５ｍｇ,グラクソ・スミスクライン,ＰＴＰ 140錠,7002
4987246721110,フルナーゼ点鼻液５０μｇ２８噴霧用,グラクソ・スミスクライン,包装小 10瓶,3093
4987246728065,キンダベート軟膏０．０５％,グラクソ・スミスクライン,包装小 50Ｇ,606
4987246745222,アドエア２５０ディスカス６０吸入用,グラクソ・スミスクライン,包装小 1キット,3742
4987246745246,アドエア５００ディスカス６０吸入用,グラクソ・スミスクライン,包装小 1キット,4079
4987246752022,アラミスト点鼻液２７．５μｇ５６噴霧用,グラクソ・スミスクライン,包装小 1キット,803
4987246754019,アボルブカプセル０．５ｍｇ,グラクソ・スミスクライン,ＰＴＰ 30カプセル,1609
4987246758017,ザイザル錠５ｍｇ,グラクソ・スミスクライン,ＰＴＰ 100錠,3606
4987246767033,レルベア１００エリプタ３０吸入用,グラクソ・スミスクライン,包装小 1キット,4986
4987246767040,レルベア２００エリプタ３０吸入用,グラクソ・スミスクライン,包装小 1キット,5388
4987246770033,アノーロエリプタ３０吸入用,グラクソ・スミスクライン,包装小 1キット,5619
4987246772013,ザガーロカプセル０．１ｍｇ,グラクソ・スミスクライン,ＰＴＰ 30カプセル,8200
4987246780049,アニュイティ２００μｇエリプタ３０吸入用,グラクソ・スミスクライン,包装小 1キット,1739
4987246783033,テリルジー２００エリプタ３０吸入用,グラクソ・スミスクライン,包装小 1キット,9983
4987246790086,ベトネベート軟膏０．１２％,グラクソ・スミスクライン,包装小 50Ｇ,9999999999
4987271042655,デキストロメトルファン臭化水素酸塩細粒１０％「ツルハラ」,鶴原製薬,バラ 100Ｇ,2136
4987271063254,ブチルスコポラミン臭化物錠１０ｍｇ「ツルハラ」,鶴原製薬,ＰＴＰ 100錠,759
4987271114420,カルボシステイン細粒５０％「ツルハラ」,鶴原製薬,バラ 1000Ｇ,20533
4987271114567,カルボシステイン錠２５０ｍｇ「ツルハラ」,鶴原製薬,ＰＴＰ 1000錠,10733
4987271134114,ダイフェン配合錠,鶴原製薬,ＰＴＰ 600錠,9416
4987274083389,トラマゾリン点鼻液０．１１８％「ＡＦＰ」,アルフレッサファーマ,調剤用 100ＭＬ,519
4987274129148,ノイエルカプセル２００ｍｇ,アルフレッサファーマ,ＰＴＰ 100カプセル,816
4987274129414,パントシン散２０％,アルフレッサファーマ,バラ 500Ｇ,5717
4987274129575,パントシン錠６０,アルフレッサファーマ,ＰＴＰ 100錠,630
4987274129759,パントシン錠２００,アルフレッサファーマ,ＰＴＰ 100錠,1113
4987274129957,アドソルビン原末,アルフレッサファーマ,バラ 500Ｇ,398
4987274130618,タリビッド耳科用液０．３％,アルフレッサファーマ,包装小 25ＭＬ,2836
4987274131332,Ｓ・Ｍ配合散,アルフレッサファーマ,分包 1092Ｇ,7249
4987274132971,ビタメジン配合カプセルＢ２５,アルフレッサファーマ,ＰＴＰ 100カプセル,608
4987274136610,塩化カリウム徐放錠６００ｍｇ「Ｓｔ」,アルフレッサファーマ,ＰＴＰ 100錠,630
4987274136627,塩化カリウム徐放錠６００ｍｇ「Ｓｔ」,アルフレッサファーマ,ＰＴＰ 1000錠,6294
4987274139604,アフタッチ口腔用貼付剤２５μｇ,アルフレッサファーマ,ＰＴＰ 100錠,2316
4987274139925,キネダック錠５０ｍｇ,アルフレッサファーマ,ＰＴＰ 100錠,2876
4987274180637,ニポラジン小児用細粒０．６％,アルフレッサファーマ,バラ 100Ｇ,3015
4987280292249,セファランチン錠１ｍｇ,化研生薬,ＰＴＰ 100錠,563
4987286105147,キョウニン水「ケンエー」,健栄製薬,調剤用 500ＭＬ,770
4987286105239,セネガシロップ「ケンエー」,健栄製薬,調剤用 500ＭＬ,797
4987286105628,重質酸化マグネシウム「ケンエー」,健栄製薬,バラ 500Ｇ,700
4987286105758,タンニン酸アルブミン「ケンエー」,健栄製薬,バラ 500Ｇ,3641
4987286113470,酸化マグネシウム錠２５０ｍｇ「ケンエー」,健栄製薬,ＰＴＰ 100錠,490
4987286113500,酸化マグネシウム錠３３０ｍｇ「ケンエー」,健栄製薬,ＰＴＰ 100錠,490
4987286205601,サリチル酸「ケンエー」,健栄製薬,バラ 500Ｇ,2300
4987286218991,ヘパリン類似物質油性クリーム０．３％「ケンエー」,健栄製薬,包装小 250Ｇ,1247
4987286219011,ヘパリン類似物質油性クリーム０．３％「ケンエー」,健栄製薬,調剤用 100Ｇ,504
4987286301860,◆オリブ油　￥７９０　１００ＭＬ　（第３類）,, 1個 (1個×1),382
4987288290049,オリブ油「ヨシダ」,吉田製薬,調剤用 100ＭＬ,1063
4987288447139,酸化マグネシウム錠５００ｍｇ「ヨシダ」,吉田製薬,ＰＴＰ 100錠,519
4987288861010,白色ワセリン「ヨシダ」,吉田製薬,包装小 50Ｇ,312
4987288861027,白色ワセリン「ヨシダ」,吉田製薬,調剤用 500Ｇ,1243
4987288980018,エコ消エタ消毒液,吉田製薬,調剤用 500ＭＬ,286
4987290241732,キョウニン水「ヤマゼン」,日興製薬販売,調剤用 500ＭＬ,749
4987294222324,ムコソルバン錠１５ｍｇ,帝人ファーマ,ＰＴＰ 100錠,682
4987294235317,ラキソベロン内用液０．７５％,帝人ファーマ,包装小 100ＭＬ,1239
4987294235416,ラキソベロン錠２．５ｍｇ,帝人ファーマ,ＰＴＰ 100錠,542
4987294311608,ワンアルファ錠０．５μｇ,帝人ファーマ,ＰＴＰ 100錠,753
4987294311707,ワンアルファ錠１．０μｇ,帝人ファーマ,ＰＴＰ 100錠,1010
4987294394120,フェブリク錠１０ｍｇ,帝人ファーマ,ＰＴＰ 100錠,1241
4987294394229,フェブリク錠２０ｍｇ,帝人ファーマ,ＰＴＰ 100錠,2447
4987294399415,ボナロン経口ゼリー３５ｍｇ,帝人ファーマ,包装小 20包,10417
4987301100430,コタロー芍薬甘草湯エキス細粒,小太郎漢方製薬,分包 84Ｇ,687
4987301120599,コタロー辛夷清肺湯エキス細粒,小太郎漢方製薬,分包 588Ｇ,4452
4987301159438,コタロー当帰四逆加呉茱萸生姜湯エキス細粒,小太郎漢方製薬,分包 126Ｇ,1293
4987301199434,コタロー麻子仁丸料エキス細粒,小太郎漢方製薬,分包 84Ｇ,985
4987301302193,コタロー麻黄附子細辛湯エキスカプセル,小太郎漢方製薬,ＰＴＰ 100カプセル,2272
4987301326649,ヨクイニンエキス錠「コタロー」,小太郎漢方製薬,バラ 1260錠,7445
4987306011892,ヤクバンテープ２０ｍｇ,大正製薬,包装小 140枚,1511
4987306013858,ルセフィ錠２．５ｍｇ,大正製薬,ＰＴＰ 100錠,12370
4987306014503,ロコアテープ,大正製薬,包装小 70枚,2052
4987306014565,ボンビバ錠１００ｍｇ,大正製薬,ＰＴＰ 3錠,4065
4987306017221,クラリス錠２００,大正製薬,ＰＴＰ 100錠,2216
4987306017757,クラリスドライシロップ１０％小児用,大正製薬,バラ 100Ｇ,7592
4987306031807,タウリン散９８％「大正」,大正製薬,分包 91.8Ｇ,1209
4987306054295,クラリスロマイシン錠２００ｍｇ「大正」,大正製薬,ＰＴＰ 100錠,9999999999
4987306060128,フェルビナクスチック軟膏３％「三笠」,大正製薬,包装小 400Ｇ,1601
4987306060173,トリアムシノロンアセトニド口腔用貼付剤２５μｇ「大正」,大正製薬,包装小 100枚,2711
4987306065253,リーマス錠２００,大正製薬,ＰＴＰ 100錠,1141
4987306066212,ビオフェルミン錠剤,大正製薬,ＰＴＰ 630錠,3290
4987306066625,ビオフェルミン配合散,大正製薬,分包 120Ｇ,662
4987306066724,ビオフェルミンＲ散,大正製薬,分包 120Ｇ,654
4987306066984,ビオフェルミンＲ錠,大正製薬,ＰＴＰ 100錠,522
4987312121349,ミヤＢＭ細粒,ミヤリサン製薬,分包 630Ｇ,3672
4987312126641,ミヤＢＭ錠,ミヤリサン製薬,ＰＴＰ 100錠,528
4987316128085,ダラシンＴゲル１％,佐藤製薬,包装小 100Ｇ,2054
4987316130033,パスタロンクリーム２０％,佐藤製薬,包装小 250Ｇ,1071
4987316136141,ベタメタゾン酪酸エステルプロピオン酸エステルクリーム０．０５％「ＭＹＫ」,佐藤製薬,包装小 50Ｇ,966
4987316136356,カルプロニウム塩化物外用液５％「ＣＨ」,佐藤製薬,包装小 360ＭＬ,3158
4987320603530,ヘモナーゼ配合錠,堀井薬品工業,ＰＴＰ 100錠,1036
4987320604766,トコフェロールニコチン酸エステルカプセル２００ｍｇ「ホリイ」,堀井薬品工業,ＰＴＰ 100カプセル,608
4987328101236,ヘモレックス軟膏,ジェイドルフ製薬,包装小 140Ｇ,2704
4987328145445,ネリザ軟膏,ジェイドルフ製薬,包装小 28Ｇ,614
4987328145483,ネリザ坐剤,ジェイドルフ製薬,包装小 140個,2907
4987328145711,ヘモポリゾン軟膏,ジェイドルフ製薬,包装小 56Ｇ,1037
4987333022496,デュタステリドカプセル０．５ｍｇＡＶ「ＴＣ」,中北薬品,ＰＴＰ 30カプセル,9999999999
4987333023561,◆アクビちゃんのこどもせきどめシロップS,, 1本 (1本×1),9999999999
4987334340018,本草葛根湯エキス顆粒－Ｍ,本草製薬,分包 105Ｇ,1050
4987341103095,バイアスピリン錠１００ｍｇ,バイエル薬品,ＰＴＰ 700錠,3675
4987341103774,アダラートＣＲ錠２０ｍｇ,バイエル薬品,ＰＴＰ 100錠,1175
4987341107840,アダラートＣＲ錠４０ｍｇ,バイエル薬品,ＰＴＰ 100錠,2119
4987341108274,エンペシドクリーム１％,バイエル薬品,包装小 100Ｇ,987
4987341109639,イグザレルト錠１５ｍｇ,バイエル薬品,ＰＴＰ 100錠,38911
4987341109684,イグザレルト錠１０ｍｇ,バイエル薬品,ＰＴＰ 100錠,29512
4987341113384,イグザレルトＯＤ錠１５ｍｇ,バイエル薬品,ＰＴＰ 100錠,39365
4987341113858,ケレンディア錠１０ｍｇ,バイエル薬品,ＰＴＰ 100錠,12810
4987343502704,センノシド錠１２ｍｇ「クニヒロ」,皇漢堂製薬,ＰＴＰ 100錠,477
4987344524002,トラネキサム酸錠２５０ｍｇ「三恵」,三恵薬品,ＰＴＰ 100錠,910
4987350607935,◆ナノパスニードル２　３４Ｇ×４ｍｍ,, 70本 (1本×70),1145
4987352002417,◆御岳百草丸５００丸,, 1個 (1個×1),300
4987376001700,テルミサルタン錠２０ｍｇ「日医工」,日医工,ＰＴＰ 100錠,915
4987376001809,テルミサルタン錠４０ｍｇ「日医工」,日医工,ＰＴＰ 100錠,915
4987376001908,テルミサルタン錠８０ｍｇ「日医工」,日医工,ＰＴＰ 100錠,986
4987376007313,スピロノラクトン錠２５ｍｇ「日医工」,日医工,ＰＴＰ 100錠,604
4987376007818,ニフェジピンＣＲ錠２０ｍｇ「日医工」,日医工,ＰＴＰ 100錠,966
4987376007917,ニフェジピンＣＲ錠４０ｍｇ「日医工」,日医工,ＰＴＰ 100錠,1803
4987376011518,アモキシシリンカプセル２５０ｍｇ「日医工」,日医工,ＰＴＰ 100カプセル,1103
4987376017411,ゾルピデム酒石酸塩錠５ｍｇ「日医工」,日医工,ＰＴＰ 100錠,1124
4987376017510,ゾルピデム酒石酸塩錠１０ｍｇ「日医工」,日医工,ＰＴＰ 100錠,9999999999
4987376029001,硝酸イソソルビド徐放カプセル２０ｍｇ「Ｓｔ」,日医工,ＰＴＰ 100カプセル,647
4987376030519,セフジニルカプセル５０ｍｇ「日医工」,日医工,ＰＴＰ 100カプセル,5516
4987376030625,セフジニルカプセル１００ｍｇ「日医工」,日医工,ＰＴＰ 500カプセル,31659
4987376031318,サクコルチン配合錠,日医工,ＰＴＰ 100錠,540
4987376032117,ジソピラミドリン酸塩徐放錠１５０ｍｇ「日医工」,日医工,ＰＴＰ 100錠,1145
4987376039802,ミノドロン酸錠５０ｍｇ「日医工」,日医工,ＰＴＰ 1錠,324
4987376043311,アゼルニジピン錠１６ｍｇ「日医工」,日医工,ＰＴＰ 100錠,1208
4987376044615,◆テルビナフィン塩酸塩クリーム１％｢日医工｣,日医工,包装小 100Ｇ (10Ｇ×10本),9999999999
4987376046619,ナテグリニド錠３０ｍｇ「日医工」,日医工,ＰＴＰ 100錠,1082
4987376046718,ナテグリニド錠９０ｍｇ「日医工」,日医工,ＰＴＰ 100錠,1709
4987376055710,アムロジピン錠５ｍｇ「日医工」,日医工,ＰＴＰ 100錠,915
4987376056212,トコフェロールニコチン酸エステルカプセル２００ｍｇ「日医工」,日医工,ＰＴＰ 100カプセル,794
4987376056229,トコフェロールニコチン酸エステルカプセル２００ｍｇ「日医工」,日医工,ＰＴＰ 1000カプセル,7946
4987376056823,プランルカストカプセル１１２．５ｍｇ「日医工」,日医工,ＰＴＰ 140カプセル,9999999999
4987376067201,レベチラセタム錠５００ｍｇ「日医工」,日医工,ＰＴＰ 100錠,3661
4987376069410,アトルバスタチン錠５ｍｇ「日医工」,日医工,ＰＴＰ 100錠,1103
4987376069519,アトルバスタチン錠１０ｍｇ「日医工」,日医工,ＰＴＰ 100錠,1103
4987376075312,ビソプロロールフマル酸塩錠２．５ｍｇ「日医工」,日医工,ＰＴＰ 100錠,915
4987376075411,ビソプロロールフマル酸塩錠５ｍｇ「日医工」,日医工,ＰＴＰ 100錠,915
4987376075510,ビソプロロールフマル酸塩錠０．６２５ｍｇ「日医工」,日医工,ＰＴＰ 100錠,915
4987376085403,ロサルヒド配合錠ＨＤ「日医工」,日医工,ＰＴＰ 100錠,3351
4987376085519,ロサルヒド配合錠ＬＤ「日医工」,日医工,ＰＴＰ 100錠,1844
4987376086011,パンテチン錠１００ｍｇ「ＹＤ」,日医工,ＰＴＰ 100錠,626
4987376097710,クロピドグレル錠２５ｍｇ「ＳＡＮＩＫ」,日医工,ＰＴＰ 100錠,1570
4987376097819,クロピドグレル錠７５ｍｇ「ＳＡＮＩＫ」,日医工,ＰＴＰ 100錠,3383
4987376104821,ペリアクチン散１％,日医工,バラ 500Ｇ,3553
4987376156202,ケトプロフェンテープ４０ｍｇ「日医工」,日医工,包装小 70枚,9999999999
4987376181419,オロパタジン塩酸塩錠５ｍｇ「日医工」,日医工,ＰＴＰ 100錠,1103
4987376244404,プリンペラン錠５,日医工,ＰＴＰ 100錠,607
4987376245302,ドグマチール錠５０ｍｇ,日医工,ＰＴＰ 100錠,945
4987376305617,ピルフェニドン錠２００ｍｇ「日医工」,日医工,ＰＴＰ 100錠,12335
4987376313612,◆アロチノロール塩酸塩錠１０ｍｇ｢日医工｣,日医工,ＰＴＰ 100錠 (1錠×100),9999999999
4987376315814,イフェンプロジル酒石酸塩錠１０ｍｇ「日医工」,日医工,ＰＴＰ 100錠,626
4987376316118,イフェンプロジル酒石酸塩錠２０ｍｇ「日医工」,日医工,ＰＴＰ 100錠,647
4987376329910,ニフェジピンＬ錠２０ｍｇ「日医工」,日医工,ＰＴＰ 100錠,944
4987376331821,アルサルミン細粒９０％,日医工,分包 210Ｇ,1470
4987376349802,ソリフェナシンコハク酸塩ＯＤ錠２．５ｍｇ「日医工」,日医工,ＰＴＰ 100錠,1734
4987376349901,ソリフェナシンコハク酸塩ＯＤ錠５ｍｇ「日医工」,日医工,ＰＴＰ 100錠,2904
4987376357111,チザニジン錠１ｍｇ「日医工」,日医工,ＰＴＰ 100錠,634
4987376367929,◆ケトチフェンドライシロップ小児用０.１％｢日医工｣,武田薬品工業,バラ 100Ｇ (1Ｇ×100),9999999999
4987376371117,トリアゾラム錠０．２５ｍｇ「日医工」,日医工,ＰＴＰ 100錠,647
4987376504119,◆ファモチジンＤ錠２０ｍｇ｢日医工｣,日医工,ＰＴＰ 1000錠 (1錠×1000),956
4987376507110,◆サラゾスルファピリジン錠５００ｍｇ「日医工」,日医工,ＰＴＰ 500錠 (1錠×500),9999999999
4987376509411,クロチアゼパム錠５ｍｇ「日医工」,日医工,ＰＴＰ 100錠,617
4987376516303,アリピプラゾール錠３ｍｇ「日医工」,日医工,ＰＴＰ 100錠,1061
4987376535915,◆ベンズブロマロン錠５０ｍｇ｢日医工｣,武田薬品工業,ＰＴＰ 100錠 (1錠×100),9999999999
4987376554237,トリプタノール錠１０,日医工,ＰＴＰ 100錠,1039
4987376555814,セロクラール錠１０ｍｇ,日医工,ＰＴＰ 100錠,954
4987376555913,セロクラール錠２０ｍｇ,日医工,ＰＴＰ 100錠,1103
4987376556118,ラシックス錠２０ｍｇ,日医工,ＰＴＰ 100錠,1071
4987376556217,ラシックス錠４０ｍｇ,日医工,ＰＴＰ 100錠,1188
4987376556613,フェキソフェナジン塩酸塩錠３０ｍｇ「ＳＡＮＩＫ」,日医工,ＰＴＰ 100錠,2416
4987376556712,フェキソフェナジン塩酸塩錠６０ｍｇ「ＳＡＮＩＫ」,日医工,ＰＴＰ 100錠,3040
4987376558617,クロベタゾン酪酸エステル軟膏０．０５％「テイコク」,日医工,包装小 50Ｇ,548
4987376558631,クロベタゾン酪酸エステル軟膏０．０５％「テイコク」,日医工,調剤用 100Ｇ,1096
4987376559706,ヘパリン類似物質ゲル０．３％「日医工」,日医工,包装小 250Ｇ,9999999999
4987376559904,ヘパリン類似物質ローション０．３％「日医工」,日医工,包装小 500Ｇ,1960
4987376564410,グリセリン浣腸「オヲタ」６０,日医工,包装小 10個,1317
4987376589017,ジクロフェナクナトリウムテープ１５ｍｇ「テイコク」,日医工,包装小 70枚,729
4987376616218,ヘパリン類似物質油性クリーム０．３％「日医工」,日医工,包装小 250Ｇ,980
4987376648417,プソフェキ配合錠「ＳＡＮＩＫ」,日医工,ＰＴＰ 100錠,1611
4987376710015,アレンドロン酸錠３５ｍｇ「ＮＩＧ」,日医工,ＰＴＰ 20錠,2104
4987376711005,ベタヒスチンメシル酸塩錠６ｍｇ「日医工Ｐ」,日医工,ＰＴＰ 100錠,553
4987376864213,◆剤型◆ジクロフェナクＮａゲル１％｢ラクール｣,, 0,872
4987376915205,レバミピド錠１００ｍｇ「ＥＭＥＣ」,日医工,ＰＴＰ 100錠,903
4987376915304,ロキソプロフェン錠６０ｍｇ「ＥＭＥＣ」,日医工,ＰＴＰ 100錠,1047
4987376980234,消毒用エタライト液,日医工,調剤用 500ＭＬ,503
4987382020870,◆サージカルテープ２５ｍｍ×１０ｍ１２枚,, 1個 (1個×1),2060
4987382030695,◆滅菌折りたたみガーゼ,, 100枚 (1枚×100),2380
4987382032019,◆ＣＰ軟膏ツボ５０ｇ,, 100個 (1個×100),2500
4987382034570,◆深型軟膏ツボ　１０ｇ,, 50個 (1個×50),570
4987382034587,◆深型軟膏ツボ２０ｇ,, 50個 (1個×50),710
4987382034594,◆深型軟膏ツボ３０ｇ,, 50個 (1個×50),900
4987382034600,◆深型軟膏ツボ５０ｇ,, 30個 (1個×30),900
4987387591429,スチックゼノールＡ,三笠製薬,包装小 400Ｇ,1299
4987387597728,ゼスタッククリーム,三笠製薬,包装小 250Ｇ,1363
4987407123302,シロドシンＯＤ錠４ｍｇ「オーハラ」,大原薬品工業,ＰＴＰ 100錠,1187
4987413040617,アレジオン錠２０,日本ベーリンガーインゲルハイム,ＰＴＰ 100錠,1794
4987413261814,プラザキサカプセル１１０ｍｇ,日本ベーリンガーインゲルハイム,ＰＴＰ 112カプセル,21561
4987413300612,ジャディアンス錠１０ｍｇ,日本ベーリンガーインゲルハイム,ＰＴＰ 100錠,16750
4987413580717,レンドルミン錠０．２５ｍｇ,日本ベーリンガーインゲルハイム,ＰＴＰ 100錠,884
4987413590518,ミカムロ配合錠ＡＰ,日本ベーリンガーインゲルハイム,ＰＴＰ 100錠,2830
4987413590617,ミカムロ配合錠ＢＰ,日本ベーリンガーインゲルハイム,ＰＴＰ 100錠,3884
4987413610513,ミカトリオ配合錠,日本ベーリンガーインゲルハイム,ＰＴＰ 100錠,4249
4987413660525,ミカルディス錠２０ｍｇ,日本ベーリンガーインゲルハイム,ＰＴＰ 140錠,2333
4987413660624,ミカルディス錠４０ｍｇ,日本ベーリンガーインゲルハイム,ＰＴＰ 140錠,3616
4987413670517,ミコンビ配合錠ＡＰ,日本ベーリンガーインゲルハイム,ＰＴＰ 100錠,2824
4987413670616,ミコンビ配合錠ＢＰ,日本ベーリンガーインゲルハイム,ＰＴＰ 100錠,4007
4987413721516,オフェブカプセル１００ｍｇ,日本ベーリンガーインゲルハイム,ＰＴＰ 28カプセル,99241
4987413721622,オフェブカプセル１５０ｍｇ,日本ベーリンガーインゲルハイム,ＰＴＰ 28カプセル,148683
4987413826037,スピリーバ吸入用カプセル１８μｇ,日本ベーリンガーインゲルハイム,包装小 14カプセル,1240
4987413836029,スピオルトレスピマット６０吸入,日本ベーリンガーインゲルハイム,包装小 1キット,4625
4987413870511,トラゼンタ錠５ｍｇ,日本ベーリンガーインゲルハイム,ＰＴＰ 100錠,10523
4987413880510,トラディアンス配合錠ＡＰ,日本ベーリンガーインゲルハイム,ＰＴＰ 100錠,20868
4987428143303,トルリシティ皮下注０．７５ｍｇアテオス,日本イーライリリー, 2キット,4888
4987428416506,エビスタ錠６０ｍｇ,日本イーライリリー,ＰＴＰ 100錠,4513
4987428771100,インスリン　グラルギンＢＳ注ミリオペン「リリー」,日本イーライリリー, 2キット,1853
4987428879806,ヒューマログミックス５０注ミリオペン,日本イーライリリー, 2キット,2119
4987428879905,ヒューマログ注ミリオペン,日本イーライリリー, 2キット,2058
4987428954022,サインバルタカプセル２０ｍｇ,日本イーライリリー,ＰＴＰ 100カプセル,6334
4987429000889,１０％サリチル酸ワセリン軟膏東豊,東豊薬品,調剤用 500Ｇ,2328
4987431190196,ルトラール錠２ｍｇ,富士製薬工業,ＰＴＰ 100錠,2136
4987431190271,ノアルテン錠（５ｍｇ）,富士製薬工業,ＰＴＰ 100錠,2814
4987431390077,フラジール腟錠２５０ｍｇ,富士製薬工業,ＰＴＰ 60錠,2948
4987435423313,ヘパリン類似物質ローション０．３％「ラクール」,東光薬品工業,包装小 500Ｇ,1362
4987435475152,デキサメタゾンプロピオン酸エステル軟膏０．１％「ラクール」,東光薬品工業,包装小 100Ｇ,662
4987439095851,エンシュア・Ｈ,アボットジャパン,調剤用 6000ＭＬ,4887
4987440442019,クエンメット配合錠,日本薬品工業,ＰＴＰ 100錠,553
4987443277229,ディオバン錠８０ｍｇ,ノバルティスファーマ,ＰＴＰ 140錠,2814
4987443277441,ネオーラル５０ｍｇカプセル,ノバルティスファーマ,ＰＴＰ 100カプセル,12961
4987443311275,ディオバン錠１６０ｍｇ,ノバルティスファーマ,ＰＴＰ 100錠,2722
4987443328761,ボルタレン錠２５ｍｇ,ノバルティスファーマ,ＰＴＰ 100錠,610
4987443328846,ボルタレンＳＲカプセル３７．５ｍｇ,ノバルティスファーマ,ＰＴＰ 100カプセル,625
4987443328877,ボルタレンゲル１％,ノバルティスファーマ,包装小 250Ｇ,669
4987443328921,ボルタレンテープ１５ｍｇ,ノバルティスファーマ,包装小 70枚,732
4987443330030,コディオ配合錠ＥＸ,ノバルティスファーマ,ＰＴＰ 140錠,3129
4987443333819,エックスフォージ配合錠,ノバルティスファーマ,ＰＴＰ 140錠,3293
4987443384408,エンレスト錠５０ｍｇ,ノバルティスファーマ,ＰＴＰ 100錠,5377
4987443384415,エンレスト錠１００ｍｇ,ノバルティスファーマ,ＰＴＰ 100錠,9439
4987443384446,エンレスト錠２００ｍｇ,ノバルティスファーマ,ＰＴＰ 100錠,16618
4987443623262,ボルタレンサポ５０ｍｇ,ノバルティスファーマ,包装小 50個,1059
4987447168219,ヒドロキシジンパモ酸塩錠２５ｍｇ「日新」,日新製薬,ＰＴＰ 100錠,601
4987447592014,オイラックスクリーム１０％,日新製薬,包装小 100Ｇ,707
4987473600134,ルプラック錠８ｍｇ,富士フイルム富山化学,ＰＴＰ 100錠,2061
4987473602107,ラリキシン錠２５０ｍｇ,富士フイルム富山化学,ＰＴＰ 100錠,2804
4987476111514,メナテトレノンカプセル１５ｍｇ「ＹＤ」,陽進堂,ＰＴＰ 100カプセル,1092
4987476113310,トラネキサム酸錠２５０ｍｇ「ＹＤ」,陽進堂,ＰＴＰ 100錠,1061
4987476114713,テラ・コートリル軟膏,陽進堂,包装小 25Ｇ,694
4987476117516,エバスチン錠５ｍｇ「ＹＤ」,陽進堂,ＰＴＰ 100錠,1776
4987476119862,テプレノンカプセル５０ｍｇ「ＹＤ」,陽進堂,ＰＴＰ 1000カプセル,6631
4987476123722,コールタイジン点鼻液,陽進堂,包装小 150ＭＬ,1149
4987476123944,ヘパリン類似物質ローション０．３％「ＹＤ」,陽進堂,包装小 500Ｇ,1888
4987476124033,ヘパリン類似物質クリーム０．３％「ＹＤ」,陽進堂,包装小 200Ｇ,756
4987476125412,ソルベース,陽進堂,調剤用 500Ｇ,1255
4987476138412,ロラタジン錠１０ｍｇ「ＹＤ」,陽進堂,ＰＴＰ 100錠,1510
4987476151503,アトルバスタチン錠５ｍｇ「ＹＤ」,陽進堂,ＰＴＰ 100錠,931
4987476151602,アトルバスタチン錠１０ｍｇ「ＹＤ」,陽進堂,ＰＴＰ 100錠,1061
4987476151800,アレンドロン酸錠３５ｍｇ「ＹＤ」,陽進堂,ＰＴＰ 20錠,4502
4987476152401,スマトリプタン錠５０ｍｇ「ＹＤ」,陽進堂,ＰＴＰ 12錠,1528
4987476156201,カルバゾクロムスルホン酸Ｎａ錠３０ｍｇ「ＹＤ」,陽進堂,ＰＴＰ 100錠,622
4987476157505,プロピベリン塩酸塩錠１０ｍｇ「ＹＤ」,陽進堂,ＰＴＰ 100錠,1224
4987476158601,メコバラミン錠５００μｇ「ＹＤ」,陽進堂,ＰＴＰ 100錠,519
4987476164404,ソリタ－Ｔ配合顆粒３号,陽進堂,分包 100包,3051
4987476166903,ピタバスタチンＣａ錠１ｍｇ「ＹＤ」,陽進堂,ＰＴＰ 100錠,915
4987476168808,クロピドグレル錠７５ｍｇ「ＹＤ」,陽進堂,ＰＴＰ 100錠,2010
4987476169409,ナフトピジルＯＤ錠２５ｍｇ「ＹＤ」,陽進堂,ＰＴＰ 100錠,945
4987476170306,アムバロ配合錠「ＹＤ」,陽進堂,ＰＴＰ 100錠,1551
4987476177602,シロドシンＯＤ錠４ｍｇ「ＹＤ」,陽進堂,ＰＴＰ 100錠,1347
4987476178401,プレガバリンＯＤ錠２５ｍｇ「ＹＤ」,陽進堂,ＰＴＰ 100錠,724
4987476179408,セレコキシブ錠１００ｍｇ「ＹＤ」,陽進堂,ＰＴＰ 100錠,622
4987476180107,レボセチリジン塩酸塩錠２．５ｍｇ「ＹＤ」,陽進堂,ＰＴＰ 100錠,1234
4987476180503,レボセチリジン塩酸塩ドライシロップ０．５％「ＹＤ」,陽進堂,分包 50Ｇ,2642
4987497249227,ラタノプロスト点眼液０．００５％「ＴＯＡ」,日東メディック,包装小 12.5ＭＬ,1950
4987497301215,ブロムフェナクＮａ点眼液０．１％「ニットー」,日東メディック,包装小 25ＭＬ,791
4987497301383,ヘパリン類似物質外用スプレー０．３％「ニットー」,日東メディック,包装小 1000Ｇ,9999999999
4987497301550,ヘパリン類似物質ローション０．３％「ニットー」,日東メディック,包装小 500Ｇ,2557
4987497304612,トラチモ配合点眼液「ニットー」,日東メディック,包装小 12.5ＭＬ,3852
4987497304919,フルオロメトロン点眼液０．１％「ニットー」,日東メディック,包装小 25ＭＬ,405
4987497305619,シアノコバラミン点眼液０．０２％「ニットー」,日東メディック,包装小 5瓶,402
4987497306715,オフロキサシン点眼液０．３％「ニットー」,日東メディック,包装小 25ＭＬ,685
4987497307217,レボフロキサシン点眼液０．５％「ニットー」,日東メディック,包装小 25ＭＬ,546
4987497307316,レボフロキサシン点眼液１．５％「ニットー」,日東メディック,包装小 25ＭＬ,678
4987497308016,レボカバスチン点眼液０．０２５％「ニットー」,日東メディック,包装小 25ＭＬ,1049
4987497308856,ヘパリン類似物質ローション０．３％「ＮＩＴ」,日東メディック,包装小 500Ｇ,1558
4987497308870,ヘパリン類似物質ローション０．３％「ＮＩＴ」,日東メディック,包装小 1000Ｇ,3116
4987497309914,フルオロメトロン点眼液０．１％「ＮＩＴ」,日東メディック,包装小 25ＭＬ,418
4987543063135,セラピナ配合顆粒,シオノケミカル,分包 1200Ｇ,9440
4987603115170,◆ワンショットプラス１１５１７,, 1個 (1個×1),9999999999
4987614408704,ロサルタンカリウム錠５０ｍｇ「サンド」,サンド,ＰＴＰ 100錠,1496
4987614408803,ロサルタンカリウム錠１００ｍｇ「サンド」,サンド,ＰＴＰ 100錠,2572
4987614410509,ドネペジル塩酸塩ＯＤ錠３ｍｇ「サンド」,サンド,ＰＴＰ 14錠,188
4987614410516,ドネペジル塩酸塩ＯＤ錠３ｍｇ「サンド」,サンド,ＰＴＰ 28錠,374
4987614410608,ドネペジル塩酸塩ＯＤ錠５ｍｇ「サンド」,サンド,ＰＴＰ 56錠,1353
4987614412909,バルサルタン錠４０ｍｇ「サンド」,サンド,ＰＴＰ 140錠,1481
4987614413005,バルサルタン錠８０ｍｇ「サンド」,サンド,ＰＴＰ 140錠,1879
4987614413012,バルサルタン錠８０ｍｇ「サンド」,サンド,ＰＴＰ 500錠,6711
4987614413104,バルサルタン錠１６０ｍｇ「サンド」,サンド,ＰＴＰ 100錠,1851
4987614415504,アムバロ配合錠「サンド」,サンド,ＰＴＰ 140錠,2164
4987614415511,アムバロ配合錠「サンド」,サンド,ＰＴＰ 500錠,7730
4987614417904,バルヒディオ配合錠ＥＸ「サンド」,サンド,ＰＴＰ 140錠,2962
4987614419618,モンテルカストチュアブル錠５ｍｇ「サンド」,サンド,ＰＴＰ 100錠,1883
4987614421314,シクロスポリンカプセル５０ｍｇ「サンド」,サンド,ＰＴＰ 100カプセル,7904
4987614422809,ブロマゼパム錠２ｍｇ「サンド」,サンド,ＰＴＰ 100錠,641
4987614439302,オロパタジン点眼液０．１％「サンド」,サンド,包装小 50ＭＬ,1896
4987614439401,バラシクロビル錠５００ｍｇ「ＳＰＫＫ」,サンド,ＰＴＰ 42錠,2949
4987614439500,バラシクロビル顆粒５０％「ＳＰＫＫ」,サンド,バラ 50Ｇ,4301
4987614439609,スマトリプタン錠５０ｍｇ「ＳＰＫＫ」,サンド,ＰＴＰ 12錠,1558
4987614439708,パロキセチン錠５ｍｇ「ＳＰＫＫ」,サンド,ＰＴＰ 100錠,915
4987616002467,ノボラピッド注　フレックスペン,ノボノルディスクファーマ, 2キット,2314
4987616002481,レベミル注　フレックスペン,ノボノルディスクファーマ, 2キット,2549
4987616002849,ノボラピッド５０ミックス注フレックスペン,ノボノルディスクファーマ, 2キット,2535
4987616003167,トレシーバ注　フレックスタッチ,ノボノルディスクファーマ, 2キット,3292
4987616003211,ライゾデグ配合注　フレックスタッチ,ノボノルディスクファーマ, 2キット,2989
4987616003242,ノボラピッド注　フレックスタッチ,ノボノルディスクファーマ, 2キット,2470
4987616003631,◆ペンニードルプラス,, 70本 (1本×70),1081
4987616003655,オゼンピック皮下注２ｍｇ,ノボノルディスクファーマ, 1キット,9924
4987616003747,ゾルトファイ配合注フレックスタッチ,ノボノルディスクファーマ, 2キット,7514
4987616003921,フィアスプ注　フレックスタッチ,ノボノルディスクファーマ, 2キット,2722
4987616003945,リベルサス錠３ｍｇ,ノボノルディスクファーマ,ＰＴＰ 100錠,12410
4987616003969,リベルサス錠７ｍｇ,ノボノルディスクファーマ,ＰＴＰ 100錠,28955
4987616005062,オゼンピック皮下注２ｍｇ,ノボノルディスクファーマ, 2キット,9999999999
4987641066502,セルタッチパップ１４０,帝國製薬,包装小 140枚,2339
4987641067783,セルタッチパップ７０,帝國製薬,包装小 300枚,4703
4987641074163,インテバン外用液１％,帝國製薬,包装小 500ＭＬ,1469
4987641074194,インテバンクリーム１％,帝國製薬,包装小 250Ｇ,734
4987641077614,ナパゲルンクリーム３％,帝國製薬,包装小 250Ｇ,979
4987641077621,ナパゲルンローション３％,帝國製薬,包装小 500ＭＬ,1959
4987641077829,ケトプロフェンパップＸＲ１２０ｍｇ「テイコク」,帝國製薬,包装小 70枚,1096
4987650650105,クレストール錠２．５ｍｇ,アストラゼネカ,ＰＴＰ 100錠,1543
4987650663105,カソデックスＯＤ錠８０ｍｇ,アストラゼネカ,ＰＴＰ 30錠,3864
4987650676105,クレストールＯＤ錠２．５ｍｇ,アストラゼネカ,ＰＴＰ 100錠,1562
4987650688108,シムビコートタービュヘイラー６０吸入,アストラゼネカ,包装小 1キット,2269
4987650694109,ロケルマ懸濁用散分包５ｇ,アストラゼネカ,分包 28包,25526
4987650705102,ネキシウムカプセル１０ｍｇ,アストラゼネカ,ＰＴＰ 100カプセル,2890
4987650706109,ネキシウムカプセル２０ｍｇ,アストラゼネカ,ＰＴＰ 100カプセル,5118
4987650707106,ネキシウム懸濁用顆粒分包１０ｍｇ,アストラゼネカ,分包 28包,1091
4987650708103,ネキシウム懸濁用顆粒分包２０ｍｇ,アストラゼネカ,分包 28包,1958
4987672835542,イトリゾールカプセル５０,ヤンセンファーマ,ＰＴＰ 100カプセル,9584
4987672835566,イトリゾールカプセル５０,ヤンセンファーマ,ＰＴＰ 56カプセル,5367
4987672853461,ニゾラールクリーム２％,ヤンセンファーマ,包装小 200Ｇ,3159
4987672957640,ロペミンカプセル１ｍｇ,ヤンセンファーマ,ＰＴＰ 100カプセル,853
4987672957664,ロペミン小児用細粒０．０５％,ヤンセンファーマ,バラ 100Ｇ,1244
4987699000251,ファスティック錠３０,ＥＡファーマ,ＰＴＰ 100錠,859
4987699000299,ファスティック錠９０,ＥＡファーマ,ＰＴＰ 100錠,1784
4987699050027,グーフィス錠５ｍｇ,ＥＡファーマ,ＰＴＰ 100錠,7058
4987699056418,テレミンソフト坐薬１０ｍｇ,ＥＡファーマ,包装小 50個,949
4987699058726,パリエット錠１０ｍｇ,ＥＡファーマ,ＰＴＰ 100錠,2975
4987699058931,セルベックスカプセル５０ｍｇ,ＥＡファーマ,ＰＴＰ 100カプセル,851
4987699059402,モビコール配合内用剤ＬＤ,ＥＡファーマ,分包 100包,5397
4987699208008,プロクトセディル軟膏,ＥＡファーマ,包装小 140Ｇ,2419
4987700000027,イーケプラ錠５００ｍｇ,ユーシービージャパン,ＰＴＰ 100錠,9743
4987709200213,ストミンＡ配合錠,ＮＩＳＳＨＡゾンネボード製薬,ＰＴＰ 100錠,658
4987709500719,ニコチン酸アミド散１０％「ゾンネ」,ＮＩＳＳＨＡゾンネボード製薬,バラ 500Ｇ,5418
4987734156011,ネオステリングリーンうがい液０．２％,日本歯科薬品,包装小 800ＭＬ,4649
4987770504609,アデホスコーワ腸溶錠２０,興和,ＰＴＰ 100錠,525
4987770507709,ケラチナミンコーワクリーム２０％,興和,包装小 250Ｇ,899
4987770509307,リバロＯＤ錠２ｍｇ,興和,ＰＴＰ 100錠,2672
4987770510501,デベルザ錠２０ｍｇ,興和,ＰＴＰ 100錠,13400
4987770512604,ゼペリン点眼液０．１％,興和,包装小 10瓶,4131
4987770513007,リバロ錠１ｍｇ,興和,ＰＴＰ 100錠,1623
4987770513205,リバロ錠２ｍｇ,興和,ＰＴＰ 100錠,2766
4987770514301,グラナテック点眼液０．４％,興和,包装小 25ＭＬ,9999
4987770516107,リドメックスコーワローション０．３％,興和,包装小 100Ｇ,1320
4987770519009,リドメックスコーワ軟膏０．３％,興和,包装小 50Ｇ,659
4987770523402,パルモディア錠０．１ｍｇ,興和,ＰＴＰ 500錠,14418
4987770525208,リバゼブ配合錠ＨＤ,興和,ＰＴＰ 100錠,5398
4987770525604,アリドネパッチ２７．５ｍｇ,興和,包装小 14枚,3571
4987770527707,イソバイドシロップ７０％,興和,調剤用 500ＭＬ,1201
4987770528803,アデホスコーワ顆粒１０％,興和,分包 600Ｇ,8324
4987770529800,パルモディアＸＲ錠０．２ｍｇ,興和,ＰＴＰ 100錠,5340
4987770530202,パルモディアＸＲ錠０．４ｍｇ,興和,ＰＴＰ 100錠,9879
4987770555809,イドメシンコーワパップ７０ｍｇ,興和,包装小 250枚,4657
4987770556707,レスタミンコーワクリーム１％,興和,調剤用 500Ｇ,936
4987770557001,アデホスコーワ腸溶錠６０,興和,ＰＴＰ 100錠,613
4987770557605,イドメシンコーワゾル１％,興和,包装小 300Ｇ,935
4987770575500,カリメート経口液２０％,興和,包装小 105包,7276
4987770577108,イドメシンコーワゲル１％,興和,包装小 350Ｇ,1090
4987770577405,イドメシンコーワクリーム１％,興和,包装小 350Ｇ,1090
4987770580108,コメリアンコーワ錠５０,興和,ＰＴＰ 100錠,551
4987770588807,コメリアンコーワ錠１００,興和,ＰＴＰ 100錠,770
4987770598202,レミカットカプセル２ｍｇ,興和,ＰＴＰ 100カプセル,1869
4987777000012,カデックス軟膏０．９％,スミス・アンド・ネフュー,包装小 40Ｇ,2223
4987777000166,カデックス軟膏０．９％,スミス・アンド・ネフュー,調剤用 100Ｇ,5552
4987792100063,ビソプロロールフマル酸塩錠０．６２５ｍｇ「ＪＧ」,日本ジェネリック,ＰＴＰ 100錠,852
4987792100070,ビソプロロールフマル酸塩錠２．５ｍｇ「ＪＧ」,日本ジェネリック,ＰＴＰ 100錠,852
4987792101084,ブデホル吸入粉末剤６０吸入「ＪＧ」,日本ジェネリック,包装小 1キット,1099
4987792101459,シロドシン錠４ｍｇ「ＪＧ」,日本ジェネリック,ＰＴＰ 100錠,1133
4987792101824,デキサメタゾンプロピオン酸エステル軟膏０．１％「ＭＹＫ」,日本ジェネリック,調剤用 500Ｇ,3299
4987792102029,ロラゼパム錠０．５ｍｇ「サワイ」,日本ジェネリック,ＰＴＰ 100錠,480
4987792102548,シロドシンＯＤ錠４ｍｇ「ＪＧ」,日本ジェネリック,ＰＴＰ 100錠,1133
4987792111052,ジクロフェナクナトリウム坐剤５０ｍｇ「ＪＧ」,日本ジェネリック,包装小 50個,944
4987792163013,ジフェニドール塩酸塩錠２５ｍｇ「ＣＨ」,日本ジェネリック,ＰＴＰ 100錠,535
4987792167615,アセトアミノフェン坐剤小児用２００ｍｇ「ＪＧ」,日本ジェネリック,包装小 100個,1898
4987792169213,チアプリド錠２５ｍｇ「ＪＧ」,日本ジェネリック,ＰＴＰ 100錠,728
4987792169985,アセトアミノフェン「ＪＧ」原末,日本ジェネリック,バラ 500Ｇ,3495
4987792214012,ケトコナゾールクリーム２％「ＪＧ」,日本ジェネリック,包装小 100Ｇ,1207
4987792220013,アムバロ配合錠「ＪＧ」,日本ジェネリック,ＰＴＰ 100錠,1050
4987792220716,カルボシステイン錠５００ｍｇ「ＪＧ」,日本ジェネリック,ＰＴＰ 100錠,1082
4987792286019,ドンペリドン錠１０ｍｇ「ＪＧ」,日本ジェネリック,ＰＴＰ 100錠,543
4987792291815,アゾセミド錠３０ｍｇ「ＪＧ」,日本ジェネリック,ＰＴＰ 100錠,925
4987792295714,ポラプレジンクＯＤ錠７５ｍｇ「ＪＧ」,日本ジェネリック,ＰＴＰ 100錠,827
4987792657314,セフジニルカプセル１００ｍｇ「ＪＧ」,日本ジェネリック,ＰＴＰ 100カプセル,5419
4987792657413,セフジニル細粒小児用１０％「ＪＧ」,日本ジェネリック,バラ 100Ｇ,3498
4987792657420,セフジニル細粒小児用１０％「ＪＧ」,日本ジェネリック,分包 60Ｇ,2098
4987813700364,◆プラバスタチンＮａ塩錠１０ｍｇ｢タナベ｣,ニプロＥＳファーマ,ＰＴＰ 100錠 (1錠×100),959
4987813702047,ピーエイ配合錠,ニプロＥＳファーマ,ＰＴＰ 100錠,445
4987813702795,アドナ錠１０ｍｇ,ニプロＥＳファーマ,ＰＴＰ 100錠,548
4987813702825,アドナ錠３０ｍｇ,ニプロＥＳファーマ,ＰＴＰ 100錠,684
4987813703006,ハイボン錠２０ｍｇ,ニプロＥＳファーマ,ＰＴＰ 1200錠,6301
4987813704904,アスパラカリウム錠３００ｍｇ,ニプロＥＳファーマ,ＰＴＰ 100錠,548
4987813705093,アスベリンドライシロップ２％,ニプロＥＳファーマ,バラ 500Ｇ,6795
4987813705130,ナイキサン錠１００ｍｇ,ニプロＥＳファーマ,ＰＴＰ 100錠,549
4987813706342,◆ピオグリタゾン錠１５ｍｇ「ニプロ」,ニプロＥＳファーマ,ＰＴＰ 100錠 (1錠×100),1129
4987813706403,◆ピオグリタゾン錠３０ｍｇ「ニプロ」,ニプロＥＳファーマ,ＰＴＰ 100錠 (1錠×100),2035
4987813741015,フスタゾール糖衣錠１０ｍｇ,ニプロＥＳファーマ,ＰＴＰ 1000錠,5430
4987813741053,メチエフ散１０％,ニプロＥＳファーマ,バラ 100Ｇ,9999999999
4987846101510,ノベルジン錠２５ｍｇ,ノーベルファーマ,ＰＴＰ 100錠,21734
4987846701215,酢酸亜鉛錠２５ｍｇ「ノーベル」,ノーベルファーマ,ＰＴＰ 100錠,9999999999
4987857150170,ルボックス錠２５,アッヴィ,ＰＴＰ 100錠,1190
4987858100044,アストミン錠１０ｍｇ,オーファンパシフィック,ＰＴＰ 100錠,693
4987858200041,アストミン錠１０ｍｇ,オーファンパシフィック,ＰＴＰ 1000錠,6927
4987858210125,ラジレス錠１５０ｍｇ,オーファンパシフィック,ＰＴＰ 140錠,12918
4987888170789,◆ポリフル錠５００ｍｇ,ヴィアトリス製薬,ＰＴＰ 100錠 (1錠×100),850
4987888171700,◆ポリフル細粒８３．３％,ヴィアトリス製薬,分包 63Ｇ (0.6Ｇ×105包),849
4987888171847,◆フエナゾールクリーム５％,ヴィアトリス製薬,包装小 100Ｇ (10Ｇ×10本),1228
4987888172073,フスコデ配合シロップ,ヴィアトリス・ヘルスケア,調剤用 500ＭＬ,3119
4987896000108,リマチル錠１００ｍｇ,あゆみ製薬,ＰＴＰ 100錠,2584
4987896010817,カロナール錠２００,あゆみ製薬,ＰＴＰ 100錠,596
4987896010879,カロナール錠３００,あゆみ製薬,ＰＴＰ 100錠,623
4987896011210,カロナール錠５００,あゆみ製薬,ＰＴＰ 100錠,1006
4987896030587,カロナール細粒２０％,あゆみ製薬,バラ 100Ｇ,1098
4987896030617,カロナール細粒２０％,あゆみ製薬,分包 360Ｇ,3912
4987896050615,カロナールシロップ２％,あゆみ製薬,調剤用 500ＭＬ,2205
4987896165630,メトトレキサート錠２ｍｇ「あゆみ」,あゆみ製薬,ＰＴＰ 48錠,3268
4987896367607,アフタゾロン口腔用軟膏０．１％,あゆみ製薬,包装小 30Ｇ,1759
4987901002400,カルデナリン錠１ｍｇ,ヴィアトリス製薬,ＰＴＰ 100錠,1371
4987901006101,セララ錠２５ｍｇ,ヴィアトリス製薬,ＰＴＰ 100錠,1833
4987901006200,セララ錠５０ｍｇ,ヴィアトリス製薬,ＰＴＰ 100錠,3578
4987901006606,◆セレコキシブ錠１００ｍｇ｢ファイザー｣,ヴィアトリス製薬,ＰＴＰ 100錠 (1錠×100),9999999999
4987901007108,ソラナックス０．４ｍｇ錠,ヴィアトリス製薬,ＰＴＰ 100錠,543
4987901007405,ソラナックス０．８ｍｇ錠,ヴィアトリス製薬,ＰＴＰ 500錠,3384
4987901007801,ノルバスク錠２．５ｍｇ,ヴィアトリス製薬,ＰＴＰ 100錠,1202
4987901008303,ノルバスク錠５ｍｇ,ヴィアトリス製薬,ＰＴＰ 100錠,1220
4987901010504,バイアグラ錠５０ｍｇ,ヴィアトリス製薬,ＰＴＰ 20錠,21100
4987901011006,リリカカプセル２５ｍｇ,ヴィアトリス製薬,ＰＴＰ 30カプセル,857
4987901011303,リリカカプセル７５ｍｇ,ヴィアトリス製薬,ＰＴＰ 100カプセル,4668
4987901011501,リリカカプセル１５０ｍｇ,ヴィアトリス製薬,ＰＴＰ 100カプセル,5905
4987901012706,レルパックス錠２０ｍｇ,ヴィアトリス製薬,ＰＴＰ 10錠,3090
4987901014809,◆アムロジピンＯＤ錠１０ｍｇ｢ファイザー｣,ヴィアトリス製薬,ＰＴＰ 100錠 (1錠×100),883
4987901015103,◆エレトリプタン錠２０ｍｇ｢ファイザー｣,ヴィアトリス製薬,ＰＴＰ 10錠 (1錠×10),9999999999
4987901015301,◆ドキサゾシン錠１ｍｇ｢ファイザー｣,ヴィアトリス製薬,ＰＴＰ 100錠 (1錠×100),940
4987901015608,◆プレガバリンＯＤ錠２５ｍｇ「ＶＴＲＳ」,ヴィアトリス製薬,ＰＴＰ 100錠 (1錠×100),9999999999
4987901015905,◆プレガバリンＯＤ錠７５ｍｇ｢ファイザー｣,ヴィアトリス製薬,ＰＴＰ 100錠 (1錠×100),9999999999
4987901016308,セレコックス錠１００ｍｇ,ヴィアトリス製薬,ＰＴＰ 100錠,1878
4987901017305,リピトール錠５ｍｇ,ヴィアトリス製薬,ＰＴＰ 100錠,1532
4987901017701,リピトール錠１０ｍｇ,ヴィアトリス製薬,ＰＴＰ 100錠,2182
4987901037006,イミダプリル塩酸塩錠５ｍｇ「ＶＴＲＳ」,ヴィアトリス製薬,ＰＴＰ 100錠,1344
4987901039208,エバスチンＯＤ錠１０ｍｇ「ＶＴＲＳ」,ヴィアトリス製薬,ＰＴＰ 100錠,1950
4987901039406,エパルレスタット錠５０ｍｇ「ＶＴＲＳ」,ヴィアトリス製薬,ＰＴＰ 100錠,1273
4987901040402,テルビナフィン塩酸塩クリーム１％「ＶＴＲＳ」,ヴィアトリス製薬,包装小 100Ｇ,1157
4987901056809,酸化マグネシウム錠５００ｍｇ「ＶＴＲＳ」,ヴィアトリス製薬,ＰＴＰ 100錠,524
4987901059305,炭酸水素ナトリウム錠５００ｍｇ「ＶＴＲＳ」,ヴィアトリス製薬,ＰＴＰ 120錠,630
4987901061209,シロスタゾール錠５０ｍｇ「ＶＴＲＳ」,ヴィアトリス製薬,ＰＴＰ 100錠,926
4987901063005,スマトリプタン錠５０ｍｇ「ＶＴＲＳ」,ヴィアトリス製薬,ＰＴＰ 12錠,1010
4987901067201,ゾルミトリプタンＯＤ錠２．５ｍｇ「ＶＴＲＳ」,ヴィアトリス製薬,ＰＴＰ 12錠,1312
4987901068307,タムスロシン塩酸塩ＯＤ錠０．２ｍｇ「ＶＴＲＳ」,ヴィアトリス製薬,ＰＴＰ 140錠,1869
4987901068604,タンニン酸アルブミン「ＶＴＲＳ」原末,ヴィアトリス製薬,バラ 500Ｇ,3214
4987901069601,ツロブテロールテープ０．５ｍｇ「ＶＴＲＳ」,ヴィアトリス製薬,包装小 70枚,782
4987901069700,ツロブテロールテープ１ｍｇ「ＶＴＲＳ」,ヴィアトリス製薬,包装小 70枚,923
4987901069809,ツロブテロールテープ２ｍｇ「ＶＴＲＳ」,ヴィアトリス製薬,包装小 70枚,1402
4987901074506,ネグミンシュガー軟膏,ヴィアトリス製薬,調剤用 100Ｇ,667
4987901081504,フィナステリド錠１ｍｇ「ＶＴＲＳ」,ヴィアトリス製薬,ＰＴＰ 28錠,4550
4987901085502,フレカイニド酢酸塩錠１００ｍｇ「ＶＴＲＳ」,ヴィアトリス製薬,ＰＴＰ 100錠,2235
4987901091305,ミコフェノール酸モフェチルカプセル２５０ｍｇ「ＶＴＲＳ」,ヴィアトリス製薬,ＰＴＰ 100カプセル,12341
4987901094207,モサプリドクエン酸塩錠５ｍｇ「ＶＴＲＳ」,ヴィアトリス製薬,ＰＴＰ 100錠,925
4987901097802,リザトリプタンＯＤ錠１０ｍｇ「ＶＴＲＳ」,ヴィアトリス製薬,ＰＴＰ 6錠,378
4987901102001,レバミピド錠１００ｍｇ「ＶＴＲＳ」,ヴィアトリス製薬,ＰＴＰ 100錠,925
4987901110006,アミティーザカプセル１２μｇ,ヴィアトリス製薬,ＰＴＰ 100カプセル,4290
4987901110204,アミティーザカプセル２４μｇ,ヴィアトリス製薬,ＰＴＰ 100カプセル,8624
4987901110402,アンヒバ坐剤小児用１００ｍｇ,ヴィアトリス製薬,包装小 50個,930
4987901110600,アンヒバ坐剤小児用２００ｍｇ,ヴィアトリス製薬,包装小 50個,930
4987901110808,アンヒバ坐剤小児用５０ｍｇ,ヴィアトリス製薬,包装小 50個,930
4987901111102,エピペン注射液０．３ｍｇ,ヴィアトリス製薬, 1筒,9089
4987901112109,エリスロシン錠２００ｍｇ,ヴィアトリス製薬,ＰＴＰ 100錠,782
4987901112406,ガナトン錠５０ｍｇ,ヴィアトリス製薬,ＰＴＰ 100錠,823
4987901115209,チアトンカプセル１０ｍｇ,ヴィアトリス製薬,ＰＴＰ 100カプセル,765
4987901117203,フエナゾール軟膏５％,ヴィアトリス製薬,包装小 100Ｇ,1228
4987901117500,フェロ・グラデュメット錠１０５ｍｇ,ヴィアトリス製薬,ＰＴＰ 100錠,551
4987901118606,ホクナリンテープ０．５ｍｇ,ヴィアトリス製薬,包装小 70枚,1203
4987901118804,ホクナリンテープ１ｍｇ,ヴィアトリス製薬,包装小 70枚,1621
4987901119009,ホクナリンテープ２ｍｇ,ヴィアトリス製薬,包装小 70枚,2431
4987901119801,ポリフル細粒８３．３％,ヴィアトリス製薬,分包 63Ｇ,9999999999
4987901122504,アトルバスタチン錠１０ｍｇ「ＶＴＲＳ」,ヴィアトリス製薬,ＰＴＰ 100錠,883
4987901123501,バイアグラ錠５０ｍｇ,ヴィアトリス製薬,ＰＴＰ 20錠,20493
4987901126809,アムロジピンＯＤ錠１０ｍｇ「ＶＴＲＳ」,ヴィアトリス製薬,ＰＴＰ 100錠,883
4987901128209,アムロジピン錠２．５ｍｇ「ＶＴＲＳ」,ヴィアトリス製薬,ＰＴＰ 100錠,883
4987901128605,アムロジピン錠５ｍｇ「ＶＴＲＳ」,ヴィアトリス製薬,ＰＴＰ 100錠,883
4987901128704,アムロジピン錠５ｍｇ「ＶＴＲＳ」,ヴィアトリス製薬,ＰＴＰ 500錠,4415
4987901129008,エレトリプタン錠２０ｍｇ「ＶＴＲＳ」,ヴィアトリス製薬,ＰＴＰ 10錠,1062
4987901129107,セレコキシブ錠１００ｍｇ「ＶＴＲＳ」,ヴィアトリス製薬,ＰＴＰ 100錠,827
4987901129800,ドキサゾシン錠１ｍｇ「ＶＴＲＳ」,ヴィアトリス製薬,ＰＴＰ 100錠,925
4987901130103,プレガバリンＯＤ錠１５０ｍｇ「ＶＴＲＳ」,ヴィアトリス製薬,ＰＴＰ 100錠,9999999999
4987901130202,プレガバリンＯＤ錠２５ｍｇ「ＶＴＲＳ」,ヴィアトリス製薬,ＰＴＰ 100錠,1002
4987901130509,プレガバリンＯＤ錠７５ｍｇ「ＶＴＲＳ」,ヴィアトリス製薬,ＰＴＰ 100錠,1629
4987901132404,フェノール・亜鉛華リニメント「ホエイ」,ヴィアトリス製薬,調剤用 500Ｇ,9999999999
4987901132701,乳糖水和物「ホエイ」,ヴィアトリス製薬,バラ 500Ｇ,9999999999
4987909105110,リスモダンカプセル１００ｍｇ,クリニジェン,ＰＴＰ 100カプセル,3157
4987916000361,レバミピド錠１００ｍｇ「Ｍｅ」,Ｍｅファルマ,ＰＴＰ 100錠,1068
4987916001375,アムロジピンＯＤ錠５ｍｇ「明治」,Ｍｅファルマ,ＰＴＰ 100錠,926
4987916002211,タムスロシン塩酸塩ＯＤ錠０．２ｍｇ「明治」,Ｍｅファルマ,ＰＴＰ 140錠,2174
4987919100020,ソランタール錠１００ｍｇ,ＬＴＬファーマ,ＰＴＰ 100錠,930
4987919100099,ニバジール錠４ｍｇ,ＬＴＬファーマ,ＰＴＰ 100錠,1449
4987919100334,ガスターＤ錠１０ｍｇ,ＬＴＬファーマ,ＰＴＰ 100錠,1082
4987919100396,ガスターＤ錠２０ｍｇ,ＬＴＬファーマ,ＰＴＰ 100錠,1198
4987919100730,サワシリンカプセル２５０,ＬＴＬファーマ,ＰＴＰ 100カプセル,1547
4987919100778,サワシリン錠２５０,ＬＴＬファーマ,ＳＰ 100錠,9999999999
4987919100785,セフゾンカプセル１００ｍｇ,ＬＴＬファーマ,ＰＴＰ 100カプセル,6037
4987919100839,セフゾン細粒小児用１０％,ＬＴＬファーマ,バラ 200Ｇ,12296
4987919102031,ネリゾナ軟膏０．１％,ＬＴＬファーマ,包装小 50Ｇ,880
4987919103038,ディレグラ配合錠,ＬＴＬファーマ,ＰＴＰ 100錠,2740
4987925106603,セロケンＬ錠１２０ｍｇ,太陽ファルマ,ＰＴＰ 100錠,5818
4987925111256,レミニールＯＤ錠８ｍｇ,太陽ファルマ,ＰＴＰ 56錠,4361
4987925113625,レスプレン錠３０ｍｇ,太陽ファルマ,ＰＴＰ 500錠,4640
4987925117845,リボトリール錠０．５ｍｇ,太陽ファルマ,ＳＰ 100錠,854
4987925118842,バクトラミン配合錠,太陽ファルマ,ＰＴＰ 100錠,4344
4987925118866,マドパー配合錠,太陽ファルマ,ＰＴＰ 100錠,1734
4987925119726,ピドキサール錠２０ｍｇ,太陽ファルマ,ＰＴＰ 100錠,622
4987925303101,オメプラール錠１０,太陽ファルマ,ＰＴＰ 100錠,1890
4987925304108,オメプラール錠２０,太陽ファルマ,ＰＴＰ 100錠,2927
4987925621519,メキシチールカプセル５０ｍｇ,太陽ファルマ,ＰＴＰ 100カプセル,898
4987925621618,メキシチールカプセル１００ｍｇ,太陽ファルマ,ＰＴＰ 100カプセル,1347
4987938000240,ネリゾナユニバーサルクリーム０．１％,レオファーマ,包装小 300Ｇ,9999999999
4987954122100,レニベース錠５,オルガノン,ＰＴＰ 100錠,1142
4987954600202,ナゾネックス点鼻液５０μｇ５６噴霧用,オルガノン,包装小 5瓶,3337
4987954710802,ゼチーア錠１０ｍｇ,オルガノン,ＰＴＰ 100錠,5705
4987954801906,リポバス錠５,オルガノン,ＰＴＰ 100錠,2011
4987954807182,シングレア錠１０ｍｇ,オルガノン,ＰＴＰ 140錠,9999999999
4987954807533,ニューロタン錠１００ｍｇ,オルガノン,ＰＴＰ 100錠,5520
4987954807663,ニューロタン錠２５ｍｇ,オルガノン,ＰＴＰ 100錠,1959
4987954807700,ニューロタン錠５０ｍｇ,オルガノン,ＰＴＰ 100錠,3666
4987954808455,フォサマック錠３５ｍｇ,オルガノン,ＰＴＰ 20錠,3483
4987954808660,プレミネント配合錠ＬＤ,オルガノン,ＰＴＰ 100錠,3929
4987954808707,プレミネント配合錠ＨＤ,オルガノン,ＰＴＰ 100錠,5589
4987954810458,ロスーゼット配合錠ＬＤ,オルガノン,ＰＴＰ 100錠,6080
4987954810465,ロスーゼット配合錠ＨＤ,オルガノン,ＰＴＰ 100錠,6006
7331791005909,◆プロヴォックスエクストラフローＨＭＥ　７２９１,, 1個 (1個×1),13323
7331791015335,◆プロヴォックスオプティダーム楕円形　７２５６ＪＰ,, 1個 (1個×1),9137
9999999999999◆レバミピド錠１００ｍｇ｢ＴＣＫ｣,◆レバミピド錠１００ｍｇ「ＴＣＫ」,フェルゼンファーマ,ＰＴＰ 100錠 (1錠×100),9999999999
9999999999999SK ﾃﾝﾋﾞﾋﾞﾝ          7743         10MLX10,◆ＳＫ点鼻瓶１０ｍＬ×１０　７７４３,シンリョウ, 10個 (1個×10),9999999999
9999999999999Vﾏｽｼﾞﾄﾞｳﾌﾞﾝｶﾂﾌﾞﾝﾎﾟｳｷ     CRESTAGE-LITE3*,◆ＣＲＥＳＴＡＧＥーＬＩＴＥ３,メディコム, 1個 (1個×1),9999999999
9999999999999アジスロマイシン錠２５０ｍｇ｢ＤＳＥＰ｣,◆アジスロマイシン錠２５０ｍｇ「ＤＳＥＰ」,第一三共,ＰＴＰ 60錠 (1錠×60),9999999999
9999999999999アスベリン散１０％,◆アスベリン散１０％,ニプロＥＳファーマ,バラ 100Ｇ (1Ｇ×100),9999999999
9999999999999アスベリン錠２０　２０ｍｇ,◆アスベリン錠２０,ニプロ,ＰＴＰ 100錠 (1錠×100),9999999999
9999999999999アフタッチ口腔用貼付剤２５μｇ,◆アフタッチ口腔用貼付剤２５μｇ,アルフレッサファーマ,ＰＴＰ 100錠 (1錠×100),9999999999
9999999999999アムロジピンＯＤ錠２.５ｍｇ｢ケミファ｣,◆アムロジピンＯＤ錠２．５ｍｇ「ケミファ」,日本ケミファ,ＰＴＰ 100錠 (1錠×100),9999999999
9999999999999アリナミンＦ２５注　２５ｍｇ１０ｍＬ,◆アリナミンＦ２５注,武田薬品工業, 50管 (1管×50),9999999999
9999999999999アルファカルシドール錠０.５μｇ｢アメル｣,◆アルファカルシドール錠０．５μｇ「アメル」,共和薬品工業,ＰＴＰ 100錠 (1錠×100),9999999999
9999999999999アルファカルシドール錠１.０μｇ｢アメル｣　１μｇ,◆アルファカルシドール錠１．０μｇ「アメル」,共和薬品工業,ＰＴＰ 100錠 (1錠×100),9999999999
9999999999999アルプラゾラム錠０.８ｍｇ｢トーワ｣,◆アルプラゾラム錠０．８ｍｇ「トーワ」,東和薬品,ＰＴＰ 100錠 (1錠×100),9999999999
9999999999999アンテベートクリーム０.０５％,◆アンテベートクリーム０．０５％,鳥居薬品,包装小 50Ｇ (5Ｇ×10本),9999999999
9999999999999イソソルビド内用液７０％｢ＣＥＯ｣,◆イソソルビド内用液７０％「ＣＥＯ」,武田薬品工業,調剤用 500ＭＬ (1ＭＬ×500),9999999999
9999999999999イソソルビド内用液７０％分包４０ｍＬ｢ＣＥＯ｣,◆イソソルビド内用液７０％分包４０ｍＬ「ＣＥＯ」,武田薬品工業,包装小 42包 (1包×42),9999999999
9999999999999ｲﾂﾀｲｶﾞﾀﾃﾞﾝｼﾔｸﾚｷ 3ﾀﾞｲ       PHARNES X-MX*,◆ＰＨＡＲＮＥＳ　ＸーＭＸ,, 1個 (1個×1),9999999999
9999999999999イトプリド塩酸塩錠５０ｍｇ｢ＮＰ｣,◆イトプリド塩酸塩錠５０ｍｇ「ＮＰ」,ニプロ,ＰＴＰ 100錠 (1錠×100),9999999999
9999999999999イトプリド塩酸塩錠５０ｍｇ｢サワイ｣,◆イトプリド塩酸塩錠５０ｍｇ「サワイ」,沢井製薬,ＰＴＰ 100錠 (1錠×100),9999999999
9999999999999イドメシンコーワクリーム１％,◆イドメシンコーワクリーム１％,興和,包装小 350Ｇ (35Ｇ×10本),9999999999
9999999999999イドメシンコーワゾル１％,◆イドメシンコーワゾル１％,興和,包装小 300Ｇ (30Ｇ×10本),9999999999
9999999999999イミダプリル塩酸塩錠５ｍｇ｢ＶＴＲＳ｣,◆イミダプリル塩酸塩錠５ｍｇ｢ＶＴＲＳ｣,ヴィアトリス製薬,ＰＴＰ 100錠 (1錠×100),9999999999
9999999999999エストリール腟錠０.５ｍｇ,◆エストリール錠０．５ｍｇ,持田製薬,ＰＴＰ 100錠 (1錠×100),9999999999
9999999999999エディロール錠０.７５μｇ,◆エディロール錠０．７５μｇ,東和薬品,ＰＴＰ 100錠 (1錠×100),9999999999
9999999999999エナラプリルマレイン酸塩錠２.５ｍｇ｢サワイ｣,◆エナラプリルマレイン酸塩錠２．５ｍｇ「サワイ」,沢井製薬,ＰＴＰ 100錠 (1錠×100),9999999999
9999999999999エビリファイ散１％,◆エビリファイ散１％,大塚製薬,バラ 100Ｇ (1Ｇ×100),9999999999
9999999999999エプレレノン錠２５ｍｇ｢杏林｣,◆エプレレノン錠２５ｍｇ「杏林」,杏林製薬,ＰＴＰ 100錠 (1錠×100),9999999999
9999999999999オーグメンチン配合錠２５０ＲＳ　３７５ｍｇ,◆オーグメンチン配合錠２５０ＲＳ,グラクソ・スミスクライン,ＰＴＰ 30錠 (1錠×30),9999999999
9999999999999オメプラゾール錠２０ｍｇ｢トーワ｣,◆オメプラゾール錠２０ｍｇ「トーワ」,東和薬品,ＰＴＰ 100錠 (1錠×100),9999999999
9999999999999オリブ油｢ヨシダ｣,◆オリブ油「ヨシダ」,吉田製薬,調剤用 100ＭＬ (1ＭＬ×100),9999999999
9999999999999オロパタジン点眼液０.１％｢ニットー｣,◆オロパタジン点眼液０．１％「ニットー」,日東メディック,包装小 50ＭＬ (5ＭＬ×10瓶),9999999999
9999999999999グラクティブ錠５０ｍｇ,◆グラクティブ錠５０ｍｇ,小野薬品工業,ＰＴＰ 100錠 (1錠×100),9999999999
9999999999999ケレンディア錠１０ｍｇ,◆ケレンディア錠１０ｍｇ,バイエル薬品,ＰＴＰ 100錠 (1錠×100),9999999999
9999999999999コンベッククリーム５％,◆コンベッククリーム５％,田辺三菱製薬,包装小 100Ｇ (10Ｇ×10本),9999999999
9999999999999ジクトルテープ７５ｍｇ,◆ジクトルテープ７５ｍｇ,久光製薬,包装小 70枚 (1枚×70),9999999999
9999999999999ジルチアゼム塩酸塩徐放カプセル１００ｍｇ｢トーワ｣,◆ジルチアゼム塩酸塩徐放カプセル１００ｍｇ「トーワ」,東和薬品,ＰＴＰ 100カプセル (1カプセル×100),9999999999
9999999999999ストロカイン錠５ｍｇ,◆ストロカイン錠５ｍｇ,エーザイ,ＰＴＰ 100錠 (1錠×100),9999999999
9999999999999セフカペン　ピボキシル塩酸塩１００ｍｇ細粒,◆セフカペン　ピボキシル塩酸塩小児用細粒１０％,,バラ 100Ｇ (1Ｇ×100),9999999999
9999999999999ダーブロック錠１ｍｇ,◆ダーブロック錠１ｍｇ,協和キリン,ＰＴＰ 100錠 (1錠×100),9999999999
9999999999999ツムラ十全大補湯エキス顆粒(医療用),◆ツムラ十全大補湯エキス顆粒（医療用）,ツムラ,分包 105Ｇ (2.5Ｇ×42包),9999999999
9999999999999トコフェロールニコチン酸エステルカプセル１００ｍｇ｢トーワ｣,◆トコフェロールニコチン酸エステルカプセル１００ｍｇ「トーワ」,東和薬品,ＰＴＰ 100カプセル (1カプセル×100),9999999999
9999999999999トラマドール塩酸塩ＯＤ錠２５ｍｇ｢ＫＯ｣,◆トラマドール塩酸塩ＯＤ錠２５ｍｇ「ＫＯ」,寿製薬,ＰＴＰ 100錠 (1錠×100),9999999999
9999999999999トリアムシノロンアセトニド口腔用貼付剤２５μｇ｢大正｣,◆トリアムシノロンアセトニド口腔用貼付剤２５μｇ「大正」,大正製薬,包装小 100枚 (1枚×100),9999999999
9999999999999ニゾラールクリーム２％,◆ニゾラールクリーム２％,帝國製薬,包装小 200Ｇ (10Ｇ×20本),9999999999
9999999999999ネリゾナユニバーサルクリーム０.１％,◆ネリゾナユニバーサルクリーム０．１％,ＬＴＬファーマ,包装小 300Ｇ (30Ｇ×10本),9999999999
9999999999999ノイロビタン配合錠,◆ノイロビタン配合錠,ＬＴＬファーマ,ＰＴＰ 500錠 (1錠×500),9999999999
9999999999999パーキネス錠２　２ｍｇ,◆パーキネス錠２,東和薬品,ＰＴＰ 100錠 (1錠×100),9999999999
9999999999999バルヒディオ配合錠ＥＸ｢サワイ｣,◆バルヒディオ配合錠ＥＸ「サワイ」,沢井製薬,ＰＴＰ 100錠 (1錠×100),9999999999
9999999999999ピタバスタチンＣａ錠４ｍｇ｢サワイ｣,◆ピタバスタチンＣａ錠４ｍｇ「サワイ」,沢井製薬,ＰＴＰ 100錠 (1錠×100),9999999999
9999999999999ビラノアＯＤ錠２０ｍｇ,◆ビラノアＯＤ錠２０ｍｇ,Ｍｅｉｊｉ　Ｓｅｉｋａ　ファルマ,ＰＴＰ 100錠 (1錠×100),9999999999
9999999999999フエナゾールクリーム５％,◆フエナゾールクリーム５％,ヴィアトリス製薬,包装小 100Ｇ (10Ｇ×10本),9999999999
9999999999999フオイパン錠１００ｍｇ,◆フオイパン錠１００ｍｇ,小野薬品工業,ＰＴＰ 100錠 (1錠×100),9999999999
9999999999999プラバスタチンＮａ錠１０ｍｇ｢サワイ｣,◆プラバスタチンＮａ錠１０ｍｇ｢サワイ｣,沢井製薬,ＰＴＰ 100錠 (1錠×100),9999999999
9999999999999フルスルチアミン錠２５ｍｇ｢トーワ｣,◆フルスルチアミン錠２５ｍｇ「トーワ」,東和薬品,ＰＴＰ 100錠 (1錠×100),9999999999
9999999999999フロセミド錠２０ｍｇ｢ＮＰ｣,◆フロセミド錠２０ｍｇ「ＮＰ」,ニプロ,ＰＴＰ 100錠 (1錠×100),9999999999
9999999999999ヘパリン類似物質クリーム０.３％｢日医工｣,◆ヘパリン類似物質クリーム０．３％「日医工」,日医工,包装小 250Ｇ (25Ｇ×10本),9999999999
9999999999999ポラプレジンクＯＤ錠７５ｍｇ｢サワイ｣,◆ポラプレジンクＯＤ錠７５ｍｇ「サワイ」,沢井製薬,ＰＴＰ 100錠 (1錠×100),9999999999
9999999999999ミオピン点眼液　５ｍＬ,◆ミオピン点眼液,参天製薬,包装小 10瓶 (1瓶×10),9999999999
9999999999999ミチグリニドＣａ・ＯＤ錠５ｍｇ｢三和｣,◆ミチグリニドＣａ・ＯＤ錠５ｍｇ「三和」,三和化学研究所,ＰＴＰ 100錠 (1錠×100),9999999999
9999999999999ミネブロＯＤ錠１.２５ｍｇ,◆ミネブロＯＤ錠１．２５ｍｇ,第一三共,ＰＴＰ 100錠 (1錠×100),9999999999
9999999999999メホビル配合錠ＨＤ｢トーワ｣,◆メホビル配合錠ＨＤ「トーワ」,東和薬品,ＰＴＰ 100錠 (1錠×100),9999999999
9999999999999メンタックスクリーム１％,◆メンタックスクリーム１％,科研製薬,包装小 200Ｇ (10Ｇ×20本),9999999999
9999999999999モイゼルト軟膏０.３％,◆モイゼルト軟膏０．３％,大塚製薬,包装小 100Ｇ (10Ｇ×10本),9999999999
9999999999999ラリキシン錠２５０ｍｇ,◆ラリキシン錠２５０ｍｇ,富士フイルム富山化学,ＰＴＰ 100錠 (1錠×100),9999999999
9999999999999レキソタン錠１　１ｍｇ,◆レキソタン錠１,サンド,ＰＴＰ 100錠 (1錠×100),9999999999
9999999999999レボフロキサシン点眼液１.５％｢ニットー｣,◆レボフロキサシン点眼液１．５％「ニットー」,日東メディック,包装小 50ＭＬ (5ＭＬ×10瓶),9999999999
9999999999999ロラゼパム錠１ｍｇ｢サワイ｣,◆ロラゼパム錠１ｍｇ「サワイ」,沢井製薬,ＰＴＰ 100錠 (1錠×100),9999999999
9999999999999亜鉛華(１０％)単軟膏シオエ,◆亜鉛華（１０％）単軟膏シオエ,日本新薬,調剤用 500Ｇ (1Ｇ×500),9999999999
9999999999999酸化マグネシウム原末｢マルイシ｣,◆酸化マグネシウム原末「マルイシ」,丸石製薬,バラ 500Ｇ (1Ｇ×500),9999999999
9999999999999硝酸イソソルビドテープ４０ｍｇ｢サワイ｣,◆硝酸イソソルビドテープ４０ｍｇ「サワイ」,沢井製薬,包装小 100枚 (1枚×100),9999999999